year,month,dest,lat,lon,count
2020,1,KATL,33.636700,-84.428101,16500
2020,2,KATL,33.636700,-84.428101,16185
2019,12,KATL,33.636700,-84.428101,15893
2019,10,KORD,41.978600,-87.904800,14549
2020,3,KATL,33.636700,-84.428101,14325
2019,11,KORD,41.978600,-87.904800,13279
2019,12,KORD,41.978600,-87.904800,12916
2021,3,KATL,33.636700,-84.428101,12887
2019,7,KATL,33.636700,-84.428101,12235
2019,8,KLAX,33.942501,-118.407997,12121
2020,2,KORD,41.978600,-87.904800,11976
2020,1,KORD,41.978600,-87.904800,11815
2019,8,KORD,41.978600,-87.904800,11740
2020,8,KATL,33.636700,-84.428101,11688
2020,12,KATL,33.636700,-84.428101,11547
2020,10,KATL,33.636700,-84.428101,11412
2020,11,KATL,33.636700,-84.428101,11307
2019,9,KORD,41.978600,-87.904800,11259
2019,10,KDFW,32.896801,-97.038002,11224
2021,3,KDEN,39.861698,-104.672997,11161
2020,9,KATL,33.636700,-84.428101,11105
2021,1,KATL,33.636700,-84.428101,11078
2019,10,KLAX,33.942501,-118.407997,10987
2019,10,KLAS,36.080101,-115.152000,10920
2019,11,KDFW,32.896801,-97.038002,10883
2020,3,KORD,41.978600,-87.904800,10870
2019,12,KLAX,33.942501,-118.407997,10774
2019,11,KLAX,33.942501,-118.407997,10713
2019,8,KDFW,32.896801,-97.038002,10485
2019,8,KATL,33.636700,-84.428101,10441
2020,2,KLAX,33.942501,-118.407997,10439
2019,8,KLAS,36.080101,-115.152000,10439
2019,12,KDFW,32.896801,-97.038002,10437
2020,1,KLAX,33.942501,-118.407997,10295
2020,2,KDFW,32.896801,-97.038002,10247
2020,1,KLAS,36.080101,-115.152000,10143
2021,2,KATL,33.636700,-84.428101,10140
2019,9,KLAX,33.942501,-118.407997,10122
2019,9,KDFW,32.896801,-97.038002,10101
2020,1,KDFW,32.896801,-97.038002,10088
2019,6,KATL,33.636700,-84.428101,10036
2020,12,KDEN,39.861698,-104.672997,9942
2019,12,KPHX,33.435302,-112.005905,9912
2020,1,KPHX,33.435302,-112.005905,9873
2020,3,KPHX,33.435302,-112.005905,9857
2020,7,KATL,33.636700,-84.428101,9849
2020,2,KLAS,36.080101,-115.152000,9821
2019,11,KLAS,36.080101,-115.152000,9798
2020,2,KPHX,33.435302,-112.005905,9793
2020,3,KLAX,33.942501,-118.407997,9787
2020,11,KDEN,39.861698,-104.672997,9767
2019,9,KLAS,36.080101,-115.152000,9687
2019,8,KSFO,37.618999,-122.375000,9662
2019,3,KORD,41.978600,-87.904800,9496
2021,1,KDEN,39.861698,-104.672997,9459
2019,4,KORD,41.978600,-87.904800,9457
2019,8,KPHX,33.435302,-112.005905,9406
2019,12,KLAS,36.080101,-115.152000,9392
2019,11,KPHX,33.435302,-112.005905,9357
2019,7,KDFW,32.896801,-97.038002,9280
2019,7,KLAS,36.080101,-115.152000,9276
2020,3,KDFW,32.896801,-97.038002,9117
2019,7,KORD,41.978600,-87.904800,9104
2019,3,KDEN,39.861698,-104.672997,9071
2019,5,KLAS,36.080101,-115.152000,9044
2021,3,KPHX,33.435302,-112.005905,8905
2021,2,KDEN,39.861698,-104.672997,8893
2019,10,KSFO,37.618999,-122.375000,8804
2019,5,KDFW,32.896801,-97.038002,8793
2019,10,KBOS,42.364300,-71.005203,8765
2019,10,KPHX,33.435302,-112.005905,8758
2019,11,KATL,33.636700,-84.428101,8755
2019,6,KDFW,32.896801,-97.038002,8731
2019,2,KORD,41.978600,-87.904800,8696
2019,6,KLAS,36.080101,-115.152000,8660
2019,5,KORD,41.978600,-87.904800,8597
2019,7,KLAX,33.942501,-118.407997,8567
2020,10,KDEN,39.861698,-104.672997,8542
2019,7,KSFO,37.618999,-122.375000,8477
2019,8,KMSP,44.882000,-93.221802,8430
2019,7,KPHX,33.435302,-112.005905,8404
2019,11,KBOS,42.364300,-71.005203,8319
2019,11,KSFO,37.618999,-122.375000,8224
2021,3,KLAX,33.942501,-118.407997,8135
2020,2,KSFO,37.618999,-122.375000,8123
2019,8,KBOS,42.364300,-71.005203,8118
2020,1,KBOS,42.364300,-71.005203,8109
2019,1,KDFW,32.896801,-97.038002,8093
2021,3,KLAS,36.080101,-115.152000,8090
2020,1,KSFO,37.618999,-122.375000,8085
2019,12,KSFO,37.618999,-122.375000,8065
2019,12,KBOS,42.364300,-71.005203,8053
2019,3,KPHX,33.435302,-112.005905,8025
2020,8,KDFW,32.896801,-97.038002,8025
2019,4,KLAS,36.080101,-115.152000,8023
2021,3,KDFW,32.896801,-97.038002,8023
2019,1,KORD,41.978600,-87.904800,8018
2020,3,KLAS,36.080101,-115.152000,7958
2020,2,KBOS,42.364300,-71.005203,7953
2021,3,KMCO,28.429399,-81.308998,7927
2020,8,KORD,41.978600,-87.904800,7839
2019,2,KDEN,39.861698,-104.672997,7825
2019,3,KLAS,36.080101,-115.152000,7803
2019,3,KDFW,32.896801,-97.038002,7788
2019,1,KDEN,39.861698,-104.672997,7766
2019,6,KSFO,37.618999,-122.375000,7757
2020,7,KDFW,32.896801,-97.038002,7664
2019,9,KBOS,42.364300,-71.005203,7660
2020,10,KDFW,32.896801,-97.038002,7635
2019,7,KMSP,44.882000,-93.221802,7598
2019,9,KPHX,33.435302,-112.005905,7562
2019,2,KDFW,32.896801,-97.038002,7551
2019,5,KSFO,37.618999,-122.375000,7549
2020,11,KLAS,36.080101,-115.152000,7519
2021,1,KDFW,32.896801,-97.038002,7444
2020,10,KLAS,36.080101,-115.152000,7428
2019,1,KLAS,36.080101,-115.152000,7409
2019,4,KDFW,32.896801,-97.038002,7388
2019,5,KPHX,33.435302,-112.005905,7346
2019,6,KPHX,33.435302,-112.005905,7314
2020,12,KDFW,32.896801,-97.038002,7291
2020,3,KSFO,37.618999,-122.375000,7258
2020,8,KLAS,36.080101,-115.152000,7240
2019,9,KMSP,44.882000,-93.221802,7228
2020,11,KLAX,33.942501,-118.407997,7225
2020,3,KBOS,42.364300,-71.005203,7158
2020,9,KDFW,32.896801,-97.038002,7133
2020,8,KLAX,33.942501,-118.407997,7113
2020,12,KLAX,33.942501,-118.407997,7104
2021,1,KPHX,33.435302,-112.005905,7104
2020,12,KPHX,33.435302,-112.005905,7093
2019,7,KBOS,42.364300,-71.005203,7092
2019,6,KMSP,44.882000,-93.221802,7087
2019,4,KPHX,33.435302,-112.005905,7068
2020,12,KLAS,36.080101,-115.152000,7044
2019,2,KLAS,36.080101,-115.152000,7011
2019,3,KSFO,37.618999,-122.375000,7007
2020,11,KDFW,32.896801,-97.038002,6969
2021,3,KORD,41.978600,-87.904800,6963
2020,7,KLAS,36.080101,-115.152000,6944
2020,10,KLAX,33.942501,-118.407997,6908
2019,4,KSFO,37.618999,-122.375000,6902
2019,5,KATL,33.636700,-84.428101,6865
2019,9,KSFO,37.618999,-122.375000,6835
2021,1,KLAX,33.942501,-118.407997,6745
2020,11,KPHX,33.435302,-112.005905,6726
2020,7,KLAX,33.942501,-118.407997,6664
2020,9,KORD,41.978600,-87.904800,6622
2020,9,KDEN,39.861698,-104.672997,6540
2020,9,KLAS,36.080101,-115.152000,6507
2020,9,KLAX,33.942501,-118.407997,6504
2020,8,KPHX,33.435302,-112.005905,6494
2020,10,KPHX,33.435302,-112.005905,6482
2020,10,KORD,41.978600,-87.904800,6477
2019,5,KMSP,44.882000,-93.221802,6450
2019,12,KMSP,44.882000,-93.221802,6432
2020,7,KORD,41.978600,-87.904800,6423
2019,10,KMSP,44.882000,-93.221802,6421
2021,1,KLAS,36.080101,-115.152000,6417
2020,8,KDEN,39.861698,-104.672997,6404
2021,2,KPHX,33.435302,-112.005905,6378
2019,1,KLAX,33.942501,-118.407997,6325
2020,11,KORD,41.978600,-87.904800,6283
2020,7,KPHX,33.435302,-112.005905,6274
2019,8,KSAN,32.733601,-117.190002,6247
2020,2,KDEN,39.861698,-104.672997,6243
2019,8,KSEA,47.449001,-122.308998,6242
2019,10,KLGA,40.777199,-73.872597,6227
2021,2,KLAX,33.942501,-118.407997,6219
2020,1,KFLL,26.072599,-80.152702,6187
2019,2,KPHX,33.435302,-112.005905,6177
2019,10,KIAH,29.984400,-95.341400,6173
2020,2,KFLL,26.072599,-80.152702,6167
2020,12,KORD,41.978600,-87.904800,6161
2019,12,KIAH,29.984400,-95.341400,6136
2019,1,KSFO,37.618999,-122.375000,6116
2021,3,KFLL,26.072599,-80.152702,6115
2019,1,KPHX,33.435302,-112.005905,6102
2020,6,KATL,33.636700,-84.428101,6030
2019,12,KLGA,40.777199,-73.872597,6028
2020,1,KLGA,40.777199,-73.872597,6012
2019,2,KSFO,37.618999,-122.375000,6011
2019,10,KSAN,32.733601,-117.190002,6006
2020,9,KPHX,33.435302,-112.005905,5995
2020,1,KMSP,44.882000,-93.221802,5974
2019,11,KIAH,29.984400,-95.341400,5972
2019,6,KORD,41.978600,-87.904800,5951
2019,11,KMSP,44.882000,-93.221802,5938
2020,3,KFLL,26.072599,-80.152702,5921
2021,2,KDFW,32.896801,-97.038002,5917
2019,12,KFLL,26.072599,-80.152702,5878
2021,3,KMSP,44.882000,-93.221802,5866
2019,10,KJFK,40.639801,-73.778900,5846
2020,3,KDEN,39.861698,-104.672997,5830
2020,2,KLGA,40.777199,-73.872597,5821
2019,7,KSAN,32.733601,-117.190002,5816
2021,2,KLAS,36.080101,-115.152000,5791
2020,2,KDTW,42.212399,-83.353401,5791
2019,12,KSAN,32.733601,-117.190002,5773
2019,11,KEWR,40.692501,-74.168701,5772
2019,12,KBWI,39.175400,-76.668297,5763
2020,1,KSAN,32.733601,-117.190002,5760
2019,4,KDEN,39.861698,-104.672997,5733
2019,11,KLGA,40.777199,-73.872597,5689
2020,1,KEWR,40.692501,-74.168701,5686
2019,12,KEWR,40.692501,-74.168701,5679
2019,11,KSAN,32.733601,-117.190002,5678
2019,12,KTPA,27.975500,-82.533203,5675
2020,2,KIAH,29.984400,-95.341400,5640
2021,3,KCLT,35.214001,-80.943100,5639
2020,2,KSAN,32.733601,-117.190002,5588
2020,2,KEWR,40.692501,-74.168701,5527
2020,1,KIAH,29.984400,-95.341400,5520
2019,7,KSEA,47.449001,-122.308998,5515
2019,11,KJFK,40.639801,-73.778900,5507
2021,1,KORD,41.978600,-87.904800,5484
2019,9,KLGA,40.777199,-73.872597,5471
2019,8,KLGA,40.777199,-73.872597,5454
2020,1,KJFK,40.639801,-73.778900,5440
2019,12,KJFK,40.639801,-73.778900,5431
2020,6,KDFW,32.896801,-97.038002,5403
2020,1,KDTW,42.212399,-83.353401,5384
2019,4,KMSP,44.882000,-93.221802,5381
2020,1,KDEN,39.861698,-104.672997,5367
2019,10,KMDW,41.785999,-87.752403,5362
2019,10,KEWR,40.692501,-74.168701,5353
2019,9,KSAN,32.733601,-117.190002,5338
2020,1,KTPA,27.975500,-82.533203,5325
2020,1,KMIA,25.793200,-80.290604,5322
2020,3,KSAN,32.733601,-117.190002,5321
2020,2,KJFK,40.639801,-73.778900,5320
2019,8,KBWI,39.175400,-76.668297,5309
2019,8,KJFK,40.639801,-73.778900,5288
2020,10,KCLT,35.214001,-80.943100,5275
2019,10,KBNA,36.124500,-86.678200,5269
2019,11,KFLL,26.072599,-80.152702,5252
2020,2,KMSP,44.882000,-93.221802,5223
2020,1,KBWI,39.175400,-76.668297,5215
2019,1,KBOS,42.364300,-71.005203,5208
2019,11,KBWI,39.175400,-76.668297,5184
2019,10,KBWI,39.175400,-76.668297,5181
2019,12,KMIA,25.793200,-80.290604,5180
2021,2,KORD,41.978600,-87.904800,5156
2019,10,KPHL,39.871899,-75.241096,5150
2019,5,KSAN,32.733601,-117.190002,5149
2019,6,KSAN,32.733601,-117.190002,5143
2019,2,KBOS,42.364300,-71.005203,5134
2019,10,KSEA,47.449001,-122.308998,5065
2019,11,KTPA,27.975500,-82.533203,5058
2020,3,KIAH,29.984400,-95.341400,5055
2019,12,KPHL,39.871899,-75.241096,5053
2019,10,KATL,33.636700,-84.428101,5042
2020,2,KMIA,25.793200,-80.290604,5041
2019,9,KJFK,40.639801,-73.778900,5014
2021,2,KMCO,28.429399,-81.308998,5007
2020,4,KATL,33.636700,-84.428101,5004
2019,8,KMDW,41.785999,-87.752403,4998
2019,7,KJFK,40.639801,-73.778900,4997
2020,2,KBWI,39.175400,-76.668297,4931
2019,9,KSEA,47.449001,-122.308998,4918
2021,3,KMIA,25.793200,-80.290604,4912
2019,12,KMDW,41.785999,-87.752403,4907
2020,3,KBWI,39.175400,-76.668297,4893
2019,8,KPHL,39.871899,-75.241096,4866
2019,5,KJFK,40.639801,-73.778900,4858
2019,11,KDEN,39.861698,-104.672997,4854
2019,11,KPHL,39.871899,-75.241096,4832
2020,12,KMSP,44.882000,-93.221802,4823
2019,10,KDEN,39.861698,-104.672997,4818
2020,3,KEWR,40.692501,-74.168701,4816
2020,2,KCLT,35.214001,-80.943100,4791
2020,3,KLGA,40.777199,-73.872597,4790
2020,3,KDTW,42.212399,-83.353401,4787
2019,5,KLGA,40.777199,-73.872597,4786
2020,1,KPHL,39.871899,-75.241096,4773
2019,12,KSEA,47.449001,-122.308998,4761
2019,4,KSAN,32.733601,-117.190002,4760
2019,1,KJFK,40.639801,-73.778900,4759
2019,11,KBNA,36.124500,-86.678200,4750
2020,3,KJFK,40.639801,-73.778900,4742
2021,1,KMSP,44.882000,-93.221802,4718
2021,1,KCLT,35.214001,-80.943100,4718
2019,6,KJFK,40.639801,-73.778900,4717
2019,10,KFLL,26.072599,-80.152702,4699
2019,9,KMDW,41.785999,-87.752403,4689
2020,9,KCLT,35.214001,-80.943100,4688
2019,7,KLGA,40.777199,-73.872597,4668
2019,8,KDTW,42.212399,-83.353401,4664
2019,11,KSEA,47.449001,-122.308998,4664
2020,12,KSFO,37.618999,-122.375000,4660
2020,12,KCLT,35.214001,-80.943100,4658
2019,12,KBNA,36.124500,-86.678200,4657
2020,1,KDCA,38.852100,-77.037697,4654
2021,3,KSFO,37.618999,-122.375000,4649
2020,10,KSFO,37.618999,-122.375000,4644
2019,11,KMDW,41.785999,-87.752403,4636
2020,12,KFLL,26.072599,-80.152702,4607
2020,6,KLAS,36.080101,-115.152000,4603
2020,8,KMDW,41.785999,-87.752403,4601
2019,9,KPHL,39.871899,-75.241096,4597
2020,11,KCLT,35.214001,-80.943100,4595
2020,11,KSFO,37.618999,-122.375000,4591
2019,3,KJFK,40.639801,-73.778900,4580
2020,2,KPHL,39.871899,-75.241096,4579
2019,10,KDAL,32.847099,-96.851799,4575
2020,3,KMSP,44.882000,-93.221802,4572
2020,1,KMDW,41.785999,-87.752403,4555
2019,12,KDAL,32.847099,-96.851799,4553
2020,1,KDAL,32.847099,-96.851799,4553
2019,8,KDEN,39.861698,-104.672997,4551
2019,10,KDCA,38.852100,-77.037697,4549
2020,2,KDCA,38.852100,-77.037697,4545
2019,4,KLAX,33.942501,-118.407997,4528
2019,6,KSEA,47.449001,-122.308998,4526
2019,4,KJFK,40.639801,-73.778900,4526
2020,1,KBNA,36.124500,-86.678200,4522
2020,8,KBWI,39.175400,-76.668297,4522
2019,2,KJFK,40.639801,-73.778900,4507
2019,12,KDCA,38.852100,-77.037697,4502
2019,9,KBNA,36.124500,-86.678200,4492
2019,11,KMIA,25.793200,-80.290604,4490
2019,7,KBWI,39.175400,-76.668297,4486
2020,7,KSFO,37.618999,-122.375000,4480
2021,2,KMSP,44.882000,-93.221802,4479
2020,2,KSEA,47.449001,-122.308998,4471
2019,2,KLAX,33.942501,-118.407997,4469
2019,2,KMSP,44.882000,-93.221802,4464
2020,8,KSFO,37.618999,-122.375000,4453
2020,2,KDAL,32.847099,-96.851799,4447
2021,1,KFLL,26.072599,-80.152702,4428
2020,2,KBNA,36.124500,-86.678200,4416
2019,6,KLGA,40.777199,-73.872597,4413
2020,6,KPHX,33.435302,-112.005905,4410
2019,11,KDAL,32.847099,-96.851799,4407
2019,10,KMIA,25.793200,-80.290604,4404
2021,3,KDTW,42.212399,-83.353401,4399
2020,5,KDFW,32.896801,-97.038002,4390
2020,5,KATL,33.636700,-84.428101,4369
2019,11,KDCA,38.852100,-77.037697,4366
2019,3,KSAN,32.733601,-117.190002,4356
2020,2,KMDW,41.785999,-87.752403,4354
2021,2,KFLL,26.072599,-80.152702,4351
2020,12,KDTW,42.212399,-83.353401,4350
2019,1,KSAN,32.733601,-117.190002,4343
2020,7,KMDW,41.785999,-87.752403,4342
2020,1,KSEA,47.449001,-122.308998,4337
2019,3,KMSP,44.882000,-93.221802,4328
2019,1,KMSP,44.882000,-93.221802,4325
2020,3,KMIA,25.793200,-80.290604,4324
2019,5,KSEA,47.449001,-122.308998,4311
2019,10,KTPA,27.975500,-82.533203,4303
2020,7,KCLT,35.214001,-80.943100,4284
2020,7,KDEN,39.861698,-104.672997,4276
2021,2,KCLT,35.214001,-80.943100,4265
2020,11,KFLL,26.072599,-80.152702,4261
2020,3,KCLT,35.214001,-80.943100,4253
2020,3,KSEA,47.449001,-122.308998,4251
2019,5,KPHL,39.871899,-75.241096,4237
2019,8,KDAL,32.847099,-96.851799,4225
2020,9,KSFO,37.618999,-122.375000,4214
2019,7,KPHL,39.871899,-75.241096,4201
2020,11,KMSP,44.882000,-93.221802,4196
2019,9,KATL,33.636700,-84.428101,4190
2019,5,KMDW,41.785999,-87.752403,4183
2019,2,KSAN,32.733601,-117.190002,4176
2021,3,KBWI,39.175400,-76.668297,4171
2020,11,KDTW,42.212399,-83.353401,4170
2021,1,KSFO,37.618999,-122.375000,4111
2020,2,KTPA,27.975500,-82.533203,4109
2021,1,KDTW,42.212399,-83.353401,4101
2019,10,KSTL,38.748697,-90.370003,4085
2019,6,KPHL,39.871899,-75.241096,4078
2020,8,KSEA,47.449001,-122.308998,4076
2020,4,KORD,41.978600,-87.904800,4072
2020,10,KDTW,42.212399,-83.353401,4064
2020,10,KSEA,47.449001,-122.308998,4054
2020,3,KPHL,39.871899,-75.241096,4040
2019,6,KLAX,33.942501,-118.407997,4027
2020,10,KBWI,39.175400,-76.668297,4020
2020,3,KDAL,32.847099,-96.851799,4019
2019,9,KDAL,32.847099,-96.851799,4017
2020,3,KBNA,36.124500,-86.678200,4013
2021,1,KSLC,40.785749,-111.979746,4008
2020,9,KBWI,39.175400,-76.668297,3996
2019,6,KBWI,39.175400,-76.668297,3989
2019,12,KCLT,35.214001,-80.943100,3982
2020,4,KPHX,33.435302,-112.005905,3981
2019,5,KCLT,35.214001,-80.943100,3977
2021,1,KMCO,28.429399,-81.308998,3963
2019,1,KLGA,40.777199,-73.872597,3951
2020,12,KSEA,47.449001,-122.308998,3946
2020,7,KBOS,42.364300,-71.005203,3943
2020,4,KDFW,32.896801,-97.038002,3935
2020,10,KMSP,44.882000,-93.221802,3928
2020,7,KBWI,39.175400,-76.668297,3917
2020,11,KSEA,47.449001,-122.308998,3906
2020,12,KSLC,40.785749,-111.979746,3905
2021,3,KSLC,40.785749,-111.979746,3897
2019,6,KBOS,42.364300,-71.005203,3891
2020,6,KLAX,33.942501,-118.407997,3890
2020,11,KBWI,39.175400,-76.668297,3888
2019,7,KDAL,32.847099,-96.851799,3881
2019,7,KTPA,27.975500,-82.533203,3878
2019,9,KBWI,39.175400,-76.668297,3872
2019,3,KLGA,40.777199,-73.872597,3858
2019,2,KLGA,40.777199,-73.872597,3857
2019,1,KFLL,26.072599,-80.152702,3852
2020,3,KDCA,38.852100,-77.037697,3846
2020,8,KBNA,36.124500,-86.678200,3844
2021,2,KSFO,37.618999,-122.375000,3837
2019,3,KLAX,33.942501,-118.407997,3823
2019,4,KLGA,40.777199,-73.872597,3818
2019,8,KTPA,27.975500,-82.533203,3798
2019,6,KMDW,41.785999,-87.752403,3789
2021,3,KBOS,42.364300,-71.005203,3787
2019,10,KCLT,35.214001,-80.943100,3780
2019,9,KDCA,38.852100,-77.037697,3778
2019,2,KMCO,28.429399,-81.308998,3776
2019,8,KDCA,38.852100,-77.037697,3771
2020,2,KSTL,38.748697,-90.370003,3760
2019,12,KSTL,38.748697,-90.370003,3757
2019,11,KSTL,38.748697,-90.370003,3743
2020,10,KMDW,41.785999,-87.752403,3741
2020,1,KSTL,38.748697,-90.370003,3739
2021,3,KBNA,36.124500,-86.678200,3739
2020,12,KBWI,39.175400,-76.668297,3735
2020,11,KMDW,41.785999,-87.752403,3722
2021,3,KMDW,41.785999,-87.752403,3717
2019,5,KDEN,39.861698,-104.672997,3713
2019,8,KEWR,40.692501,-74.168701,3704
2020,8,KSAN,32.733601,-117.190002,3698
2021,2,KSLC,40.785749,-111.979746,3688
2019,10,KSJC,37.362598,-121.929001,3686
2021,3,KRSW,26.536200,-81.755203,3684
2019,8,KMCO,28.429399,-81.308998,3674
2019,5,KBWI,39.175400,-76.668297,3672
2020,6,KMDW,41.785999,-87.752403,3670
2019,7,KMDW,41.785999,-87.752403,3667
2019,8,KSTL,38.748697,-90.370003,3666
2021,3,KSEA,47.449001,-122.308998,3646
2020,6,KORD,41.978600,-87.904800,3642
2020,9,KMDW,41.785999,-87.752403,3642
2020,8,KBOS,42.364300,-71.005203,3607
2019,1,KMIA,25.793200,-80.290604,3604
2019,4,KSEA,47.449001,-122.308998,3601
2019,4,KMDW,41.785999,-87.752403,3595
2020,8,KDTW,42.212399,-83.353401,3585
2021,1,KBWI,39.175400,-76.668297,3568
2019,7,KEWR,40.692501,-74.168701,3566
2019,4,KCLT,35.214001,-80.943100,3559
2020,7,KSEA,47.449001,-122.308998,3557
2021,2,KDTW,42.212399,-83.353401,3552
2019,9,KSTL,38.748697,-90.370003,3548
2020,4,KLAX,33.942501,-118.407997,3547
2020,7,KSAN,32.733601,-117.190002,3546
2020,3,KMDW,41.785999,-87.752403,3534
2021,1,KSEA,47.449001,-122.308998,3530
2019,8,KSJC,37.362598,-121.929001,3530
2019,12,KDEN,39.861698,-104.672997,3528
2020,9,KSEA,47.449001,-122.308998,3525
2020,11,KBOS,42.364300,-71.005203,3523
2019,7,KSJC,37.362598,-121.929001,3502
2019,12,KSJC,37.362598,-121.929001,3477
2019,10,KHOU,29.645399,-95.278900,3475
2020,10,KFLL,26.072599,-80.152702,3472
2021,3,KEWR,40.692501,-74.168701,3463
2019,6,KCLT,35.214001,-80.943100,3452
2020,9,KMSP,44.882000,-93.221802,3446
2019,7,KDCA,38.852100,-77.037697,3433
2020,1,KSJC,37.362598,-121.929001,3422
2019,3,KSEA,47.449001,-122.308998,3421
2020,5,KLAS,36.080101,-115.152000,3420
2019,8,KAUS,30.194500,-97.669899,3419
2020,10,KBNA,36.124500,-86.678200,3414
2020,12,KBOS,42.364300,-71.005203,3413
2020,11,KBNA,36.124500,-86.678200,3413
2019,11,KSJC,37.362598,-121.929001,3411
2020,7,KBNA,36.124500,-86.678200,3406
2019,9,KFLL,26.072599,-80.152702,3389
2019,5,KDAL,32.847099,-96.851799,3387
2020,3,KSTL,38.748697,-90.370003,3387
2019,6,KDAL,32.847099,-96.851799,3371
2019,11,KCLT,35.214001,-80.943100,3370
2021,3,KSAN,32.733601,-117.190002,3366
2020,7,KFLL,26.072599,-80.152702,3363
2019,9,KTPA,27.975500,-82.533203,3361
2021,1,KMIA,25.793200,-80.290604,3353
2020,10,KBOS,42.364300,-71.005203,3350
2020,8,KPHL,39.871899,-75.241096,3333
2019,8,KHOU,29.645399,-95.278900,3325
2020,1,KCLT,35.214001,-80.943100,3322
2020,8,KSTL,38.748697,-90.370003,3322
2019,11,KHOU,29.645399,-95.278900,3319
2019,3,KMDW,41.785999,-87.752403,3317
2021,2,KMIA,25.793200,-80.290604,3315
2020,12,KMIA,25.793200,-80.290604,3306
2020,5,KORD,41.978600,-87.904800,3300
2019,4,KBWI,39.175400,-76.668297,3296
2019,8,KPDX,45.588699,-122.598000,3291
2019,7,KPDX,45.588699,-122.598000,3279
2019,9,KEWR,40.692501,-74.168701,3279
2019,10,KSMF,38.695400,-121.591003,3257
2020,8,KDAL,32.847099,-96.851799,3257
2019,5,KBOS,42.364300,-71.005203,3251
2019,12,KRDU,35.877602,-78.787498,3247
2020,12,KMDW,41.785999,-87.752403,3247
2019,12,KHOU,29.645399,-95.278900,3246
2019,10,KMCI,39.297600,-94.713898,3244
2020,9,KBNA,36.124500,-86.678200,3229
2019,8,KMCI,39.297600,-94.713898,3223
2020,2,KSJC,37.362598,-121.929001,3221
2019,1,KSEA,47.449001,-122.308998,3209
2020,6,KBWI,39.175400,-76.668297,3209
2021,3,KDAL,32.847099,-96.851799,3208
2020,5,KPHX,33.435302,-112.005905,3194
2019,3,KBOS,42.364300,-71.005203,3192
2020,12,KSAN,32.733601,-117.190002,3190
2019,10,KRDU,35.877602,-78.787498,3187
2020,3,KRSW,26.536200,-81.755203,3177
2019,7,KSTL,38.748697,-90.370003,3167
2019,3,KPHL,39.871899,-75.241096,3161
2020,1,KHOU,29.645399,-95.278900,3159
2019,5,KDCA,38.852100,-77.037697,3155
2020,8,KFLL,26.072599,-80.152702,3148
2020,4,KLAS,36.080101,-115.152000,3140
2019,6,KDCA,38.852100,-77.037697,3132
2019,9,KSJC,37.362598,-121.929001,3128
2019,4,KPHL,39.871899,-75.241096,3125
2020,6,KCLT,35.214001,-80.943100,3123
2020,11,KSAN,32.733601,-117.190002,3114
2020,9,KDTW,42.212399,-83.353401,3108
2019,6,KTPA,27.975500,-82.533203,3105
2019,3,KDAL,32.847099,-96.851799,3101
2019,4,KDAL,32.847099,-96.851799,3094
2020,7,KPHL,39.871899,-75.241096,3094
2019,1,KIAH,29.984400,-95.341400,3075
2019,7,KHOU,29.645399,-95.278900,3073
2019,11,KRDU,35.877602,-78.787498,3070
2020,12,KBNA,36.124500,-86.678200,3068
2020,7,KMIA,25.793200,-80.290604,3066
2021,2,KSEA,47.449001,-122.308998,3064
2019,6,KSJC,37.362598,-121.929001,3054
2019,7,KAUS,30.194500,-97.669899,3052
2020,2,KSMF,38.695400,-121.591003,3048
2021,1,KMDW,41.785999,-87.752403,3045
2019,8,KCLT,35.214001,-80.943100,3044
2019,5,KLAX,33.942501,-118.407997,3043
2019,10,KOAK,37.721298,-122.221001,3037
2019,8,KSMF,38.695400,-121.591003,3033
2019,2,KPHL,39.871899,-75.241096,3027
2019,5,KTPA,27.975500,-82.533203,3025
2019,5,KSJC,37.362598,-121.929001,3024
2019,9,KDTW,42.212399,-83.353401,3013
2020,7,KSTL,38.748697,-90.370003,3011
2021,3,KJFK,40.639801,-73.778900,3010
2019,6,KEWR,40.692501,-74.168701,3007
2019,9,KDEN,39.861698,-104.672997,2998
2021,1,KBNA,36.124500,-86.678200,2992
2020,6,KSFO,37.618999,-122.375000,2991
2020,7,KDTW,42.212399,-83.353401,2986
2020,2,KRSW,26.536200,-81.755203,2985
2019,2,KFLL,26.072599,-80.152702,2978
2020,11,KMIA,25.793200,-80.290604,2975
2020,12,KEWR,40.692501,-74.168701,2973
2019,8,KBNA,36.124500,-86.678200,2961
2020,5,KLAX,33.942501,-118.407997,2958
2021,1,KBOS,42.364300,-71.005203,2956
2020,9,KBOS,42.364300,-71.005203,2955
2020,1,KRDU,35.877602,-78.787498,2947
2019,2,KSEA,47.449001,-122.308998,2942
2019,11,KMCO,28.429399,-81.308998,2941
2019,11,KSMF,38.695400,-121.591003,2930
2019,9,KMCI,39.297600,-94.713898,2929
2020,11,KEWR,40.692501,-74.168701,2928
2019,12,KSMF,38.695400,-121.591003,2926
2020,8,KMSP,44.882000,-93.221802,2924
2020,7,KMSP,44.882000,-93.221802,2921
2020,3,KSJC,37.362598,-121.929001,2906
2020,10,KSAN,32.733601,-117.190002,2906
2019,7,KMCI,39.297600,-94.713898,2896
2020,9,KSAN,32.733601,-117.190002,2890
2019,12,KMCI,39.297600,-94.713898,2886
2021,2,KBWI,39.175400,-76.668297,2880
2020,1,KSMF,38.695400,-121.591003,2876
2019,1,KDAL,32.847099,-96.851799,2857
2020,8,KEWR,40.692501,-74.168701,2849
2019,4,KSJC,37.362598,-121.929001,2846
2019,11,KMCI,39.297600,-94.713898,2846
2020,7,KDAL,32.847099,-96.851799,2846
2021,2,KBOS,42.364300,-71.005203,2844
2019,10,KIAD,38.944500,-77.455803,2843
2019,6,KAUS,30.194500,-97.669899,2840
2020,10,KEWR,40.692501,-74.168701,2838
2019,7,KDEN,39.861698,-104.672997,2833
2019,11,KOAK,37.721298,-122.221001,2824
2020,2,KHOU,29.645399,-95.278900,2822
2019,9,KRDU,35.877602,-78.787498,2806
2020,3,KHOU,29.645399,-95.278900,2805
2019,3,KEWR,40.692501,-74.168701,2804
2020,10,KDAL,32.847099,-96.851799,2804
2019,8,KOAK,37.721298,-122.221001,2795
2020,9,KDAL,32.847099,-96.851799,2795
2019,8,KRDU,35.877602,-78.787498,2788
2019,5,KAUS,30.194500,-97.669899,2782
2020,11,KDAL,32.847099,-96.851799,2777
2020,1,KMCI,39.297600,-94.713898,2768
2019,12,KOAK,37.721298,-122.221001,2761
2021,1,KSAN,32.733601,-117.190002,2749
2019,2,KDAL,32.847099,-96.851799,2748
2019,1,KDTW,42.212399,-83.353401,2741
2019,5,KEWR,40.692501,-74.168701,2726
2020,2,KRDU,35.877602,-78.787498,2719
2019,10,KSNA,33.675701,-117.867996,2713
2019,12,KSNA,33.675701,-117.867996,2708
2019,9,KHOU,29.645399,-95.278900,2705
2020,2,KMCI,39.297600,-94.713898,2705
2019,2,KMIA,25.793200,-80.290604,2704
2019,7,KOAK,37.721298,-122.221001,2697
2019,12,KPDX,45.588699,-122.598000,2696
2019,12,KDTW,42.212399,-83.353401,2695
2019,8,KSNA,33.675701,-117.867996,2688
2021,1,KEWR,40.692501,-74.168701,2686
2019,9,KCLT,35.214001,-80.943100,2678
2020,1,KSNA,33.675701,-117.867996,2677
2020,3,KSMF,38.695400,-121.591003,2673
2019,6,KHOU,29.645399,-95.278900,2668
2021,1,KRSW,26.536200,-81.755203,2668
2019,4,KEWR,40.692501,-74.168701,2666
2019,3,KSJC,37.362598,-121.929001,2663
2019,9,KPDX,45.588699,-122.598000,2660
2019,9,KSMF,38.695400,-121.591003,2658
2019,5,KSMF,38.695400,-121.591003,2657
2019,1,KPHL,39.871899,-75.241096,2654
2019,2,KCLT,35.214001,-80.943100,2641
2019,4,KSTL,38.748697,-90.370003,2640
2019,10,KSAT,29.533701,-98.469803,2634
2020,12,KRSW,26.536200,-81.755203,2633
2019,6,KMCI,39.297600,-94.713898,2631
2019,11,KSNA,33.675701,-117.867996,2616
2019,1,KSJC,37.362598,-121.929001,2614
2019,1,KDCA,38.852100,-77.037697,2611
2020,1,KRSW,26.536200,-81.755203,2608
2020,12,KDAL,32.847099,-96.851799,2596
2020,7,KEWR,40.692501,-74.168701,2583
2020,1,KOAK,37.721298,-122.221001,2579
2020,3,KMCI,39.297600,-94.713898,2569
2020,2,KSNA,33.675701,-117.867996,2564
2019,2,KDCA,38.852100,-77.037697,2559
2019,11,KSAT,29.533701,-98.469803,2558
2019,8,KIAD,38.944500,-77.455803,2558
2020,9,KFLL,26.072599,-80.152702,2555
2021,3,KLGA,40.777199,-73.872597,2552
2019,5,KMCI,39.297600,-94.713898,2550
2020,10,KPHL,39.871899,-75.241096,2547
2019,12,KIAD,38.944500,-77.455803,2546
2019,5,KSNA,33.675701,-117.867996,2543
2020,11,KPHL,39.871899,-75.241096,2532
2019,7,KRDU,35.877602,-78.787498,2531
2020,5,KMDW,41.785999,-87.752403,2529
2021,1,KDAL,32.847099,-96.851799,2528
2019,3,KDCA,38.852100,-77.037697,2525
2019,10,KPDX,45.588699,-122.598000,2522
2019,7,KSNA,33.675701,-117.867996,2521
2019,9,KOAK,37.721298,-122.221001,2516
2019,7,KIAD,38.944500,-77.455803,2509
2019,3,KCLT,35.214001,-80.943100,2501
2019,1,KCLT,35.214001,-80.943100,2496
2021,2,KRSW,26.536200,-81.755203,2493
2019,2,KSJC,37.362598,-121.929001,2490
2019,12,KSAT,29.533701,-98.469803,2483
2020,2,KOAK,37.721298,-122.221001,2477
2019,11,KIAD,38.944500,-77.455803,2473
2021,2,KMDW,41.785999,-87.752403,2472
2020,10,KJFK,40.639801,-73.778900,2470
2020,6,KSEA,47.449001,-122.308998,2451
2020,7,KDCA,38.852100,-77.037697,2445
2019,6,KSNA,33.675701,-117.867996,2437
2020,7,KJFK,40.639801,-73.778900,2437
2019,3,KSTL,38.748697,-90.370003,2434
2020,7,KLGA,40.777199,-73.872597,2433
2019,2,KMDW,41.785999,-87.752403,2432
2019,6,KRDU,35.877602,-78.787498,2431
2019,9,KSNA,33.675701,-117.867996,2430
2019,5,KHOU,29.645399,-95.278900,2427
2021,2,KSAN,32.733601,-117.190002,2426
2019,6,KOAK,37.721298,-122.221001,2423
2019,5,KOAK,37.721298,-122.221001,2416
2020,3,KRDU,35.877602,-78.787498,2415
2019,9,KMCO,28.429399,-81.308998,2399
2019,4,KSMF,38.695400,-121.591003,2384
2021,2,KEWR,40.692501,-74.168701,2383
2021,2,KBNA,36.124500,-86.678200,2380
2020,12,KJFK,40.639801,-73.778900,2378
2020,6,KSAN,32.733601,-117.190002,2376
2019,3,KSMF,38.695400,-121.591003,2364
2020,12,KPHL,39.871899,-75.241096,2357
2019,4,KHOU,29.645399,-95.278900,2349
2020,6,KDAL,32.847099,-96.851799,2344
2020,8,KMIA,25.793200,-80.290604,2342
2020,11,KJFK,40.639801,-73.778900,2340
2019,5,KRDU,35.877602,-78.787498,2338
2019,4,KSNA,33.675701,-117.867996,2333
2020,4,KMDW,41.785999,-87.752403,2327
2020,9,KPHL,39.871899,-75.241096,2325
2021,3,KAUS,30.194500,-97.669899,2324
2021,3,KSTL,38.748697,-90.370003,2323
2019,9,KIAD,38.944500,-77.455803,2322
2020,5,KBWI,39.175400,-76.668297,2320
2020,8,KTPA,27.975500,-82.533203,2318
2020,8,KCLT,35.214001,-80.943100,2312
2020,3,KOAK,37.721298,-122.221001,2302
2020,8,KLGA,40.777199,-73.872597,2299
2020,3,KSNA,33.675701,-117.867996,2297
2019,4,KDCA,38.852100,-77.037697,2293
2020,9,KEWR,40.692501,-74.168701,2289
2020,8,KJFK,40.639801,-73.778900,2289
2020,11,KLGA,40.777199,-73.872597,2287
2019,6,KIAD,38.944500,-77.455803,2284
2019,1,KEWR,40.692501,-74.168701,2284
2020,6,KBNA,36.124500,-86.678200,2271
2019,2,KIAH,29.984400,-95.341400,2269
2020,2,KPDX,45.588699,-122.598000,2268
2020,11,KSTL,38.748697,-90.370003,2267
2020,2,KIAD,38.944500,-77.455803,2266
2021,1,KJFK,40.639801,-73.778900,2265
2020,4,KDEN,39.861698,-104.672997,2258
2020,5,KSFO,37.618999,-122.375000,2255
2021,3,KPHL,39.871899,-75.241096,2255
2020,12,KLGA,40.777199,-73.872597,2254
2019,4,KOAK,37.721298,-122.221001,2251
2020,8,KDCA,38.852100,-77.037697,2248
2019,6,KSMF,38.695400,-121.591003,2247
2019,4,KMCI,39.297600,-94.713898,2242
2019,6,KDEN,39.861698,-104.672997,2240
2020,10,KSTL,38.748697,-90.370003,2239
2019,5,KSTL,38.748697,-90.370003,2235
2020,1,KIAD,38.944500,-77.455803,2231
2019,3,KOAK,37.721298,-122.221001,2229
2021,2,KJFK,40.639801,-73.778900,2229
2019,2,KEWR,40.692501,-74.168701,2228
2020,7,KAUS,30.194500,-97.669899,2226
2020,11,KRSW,26.536200,-81.755203,2224
2020,9,KSTL,38.748697,-90.370003,2209
2019,5,KSAT,29.533701,-98.469803,2201
2021,3,KDCA,38.852100,-77.037697,2200
2019,1,KBWI,39.175400,-76.668297,2189
2019,9,KSAT,29.533701,-98.469803,2186
2020,10,KMIA,25.793200,-80.290604,2181
2020,3,KIAD,38.944500,-77.455803,2167
2020,6,KFLL,26.072599,-80.152702,2164
2019,3,KSNA,33.675701,-117.867996,2157
2019,3,KHOU,29.645399,-95.278900,2153
2019,5,KIAD,38.944500,-77.455803,2152
2020,6,KBOS,42.364300,-71.005203,2147
2020,12,KSTL,38.748697,-90.370003,2145
2020,3,KPDX,45.588699,-122.598000,2140
2020,4,KSFO,37.618999,-122.375000,2139
2019,4,KTPA,27.975500,-82.533203,2137
2020,4,KBWI,39.175400,-76.668297,2133
2019,3,KFLL,26.072599,-80.152702,2133
2020,12,KSMF,38.695400,-121.591003,2130
2020,2,KSAT,29.533701,-98.469803,2125
2019,4,KBOS,42.364300,-71.005203,2123
2020,8,KPDX,45.588699,-122.598000,2118
2020,10,KLGA,40.777199,-73.872597,2110
2020,7,KSJC,37.362598,-121.929001,2109
2021,2,KDAL,32.847099,-96.851799,2108
2020,8,KHOU,29.645399,-95.278900,2106
2020,9,KJFK,40.639801,-73.778900,2103
2020,1,KSAT,29.533701,-98.469803,2102
2021,3,KSNA,33.675701,-117.867996,2100
2019,2,KSTL,38.748697,-90.370003,2097
2021,1,KPHL,39.871899,-75.241096,2095
2019,2,KBWI,39.175400,-76.668297,2091
2019,3,KMCI,39.297600,-94.713898,2089
2021,1,KSTL,38.748697,-90.370003,2075
2020,11,KSMF,38.695400,-121.591003,2073
2019,11,KPDX,45.588699,-122.598000,2062
2020,3,KAUS,30.194500,-97.669899,2061
2021,1,KLGA,40.777199,-73.872597,2061
2020,9,KLGA,40.777199,-73.872597,2055
2020,10,KSMF,38.695400,-121.591003,2043
2019,7,KSAT,29.533701,-98.469803,2037
2020,8,KMCI,39.297600,-94.713898,2034
2019,9,KAUS,30.194500,-97.669899,2028
2019,1,KSTL,38.748697,-90.370003,2025
2020,10,KPDX,45.588699,-122.598000,2024
2020,4,KSAN,32.733601,-117.190002,2020
2020,12,KPDX,45.588699,-122.598000,2016
2019,4,KAUS,30.194500,-97.669899,2010
2020,9,KTPA,27.975500,-82.533203,2000
2019,1,KOAK,37.721298,-122.221001,1995
2020,4,KSEA,47.449001,-122.308998,1989
2020,9,KPDX,45.588699,-122.598000,1986
2019,10,KMCO,28.429399,-81.308998,1984
2019,9,KMIA,25.793200,-80.290604,1983
2020,7,KPDX,45.588699,-122.598000,1979
2020,5,KSEA,47.449001,-122.308998,1977
2019,6,KSAT,29.533701,-98.469803,1968
2020,8,KSMF,38.695400,-121.591003,1966
2020,4,KBOS,42.364300,-71.005203,1964
2019,9,KIAH,29.984400,-95.341400,1963
2019,3,KBWI,39.175400,-76.668297,1962
2020,7,KSMF,38.695400,-121.591003,1954
2021,3,KSMF,38.695400,-121.591003,1945
2019,8,KSAT,29.533701,-98.469803,1938
2020,9,KMIA,25.793200,-80.290604,1936
2019,10,KIND,39.717300,-86.294403,1932
2020,7,KOAK,37.721298,-122.221001,1924
2019,10,KAUS,30.194500,-97.669899,1919
2019,6,KPDX,45.588699,-122.598000,1913
2020,4,KDTW,42.212399,-83.353401,1912
2019,2,KOAK,37.721298,-122.221001,1910
2019,1,KSNA,33.675701,-117.867996,1907
2020,5,KDEN,39.861698,-104.672997,1903
2020,6,KSTL,38.748697,-90.370003,1902
2020,11,KDCA,38.852100,-77.037697,1895
2020,8,KSJC,37.362598,-121.929001,1890
2020,1,KPDX,45.588699,-122.598000,1887
2019,1,KMDW,41.785999,-87.752403,1885
2021,3,KRDU,35.877602,-78.787498,1885
2020,11,KPDX,45.588699,-122.598000,1881
2020,6,KMIA,25.793200,-80.290604,1873
2019,6,KMCO,28.429399,-81.308998,1873
2020,10,KDCA,38.852100,-77.037697,1871
2019,2,KMCI,39.297600,-94.713898,1870
2020,7,KMCI,39.297600,-94.713898,1870
2019,2,KDTW,42.212399,-83.353401,1865
2019,11,KAUS,30.194500,-97.669899,1863
2020,3,KSAT,29.533701,-98.469803,1863
2019,7,KSMF,38.695400,-121.591003,1862
2019,1,KMCI,39.297600,-94.713898,1852
2019,2,KSNA,33.675701,-117.867996,1850
2019,4,KSAT,29.533701,-98.469803,1843
2020,9,KDCA,38.852100,-77.037697,1843
2021,3,KPDX,45.588699,-122.598000,1843
2021,1,KPDX,45.588699,-122.598000,1832
2021,2,KPHL,39.871899,-75.241096,1820
2019,4,KIAD,38.944500,-77.455803,1815
2019,11,KIND,39.717300,-86.294403,1808
2020,5,KCLT,35.214001,-80.943100,1807
2019,4,KPDX,45.588699,-122.598000,1802
2020,6,KDCA,38.852100,-77.037697,1800
2021,3,KSJC,37.362598,-121.929001,1800
2021,3,KMCI,39.297600,-94.713898,1798
2021,3,KOAK,37.721298,-122.221001,1798
2020,9,KSMF,38.695400,-121.591003,1796
2020,10,KRSW,26.536200,-81.755203,1790
2019,10,KCMH,39.998001,-82.891899,1786
2020,4,KCLT,35.214001,-80.943100,1775
2019,3,KSAT,29.533701,-98.469803,1769
2019,12,KIND,39.717300,-86.294403,1765
2020,3,KSLC,40.785749,-111.979746,1760
2020,8,KOAK,37.721298,-122.221001,1759
2021,2,KLGA,40.777199,-73.872597,1757
2019,3,KAUS,30.194500,-97.669899,1756
2020,4,KDAL,32.847099,-96.851799,1744
2019,7,KIND,39.717300,-86.294403,1742
2020,4,KBNA,36.124500,-86.678200,1740
2020,7,KHOU,29.645399,-95.278900,1737
2020,12,KDCA,38.852100,-77.037697,1731
2020,6,KDEN,39.861698,-104.672997,1730
2020,1,KAUS,30.194500,-97.669899,1726
2021,1,KSNA,33.675701,-117.867996,1725
2019,12,KAUS,30.194500,-97.669899,1724
2019,8,KIND,39.717300,-86.294403,1716
2019,3,KIAD,38.944500,-77.455803,1709
2021,2,KSTL,38.748697,-90.370003,1704
2020,5,KSAN,32.733601,-117.190002,1703
2019,12,KCMH,39.998001,-82.891899,1692
2020,8,KSNA,33.675701,-117.867996,1687
2019,11,KCMH,39.998001,-82.891899,1674
2020,12,KSNA,33.675701,-117.867996,1667
2021,1,KDCA,38.852100,-77.037697,1664
2020,1,KSLC,40.785749,-111.979746,1656
2019,1,KAUS,30.194500,-97.669899,1649
2020,7,KSNA,33.675701,-117.867996,1639
2019,5,KIND,39.717300,-86.294403,1636
2019,8,KCMH,39.998001,-82.891899,1634
2020,4,KPHL,39.871899,-75.241096,1629
2020,5,KDAL,32.847099,-96.851799,1623
2020,12,KOAK,37.721298,-122.221001,1614
2021,2,KSMF,38.695400,-121.591003,1608
2019,8,KSLC,40.785749,-111.979746,1607
2019,7,KSLC,40.785749,-111.979746,1602
2020,6,KMSP,44.882000,-93.221802,1594
2020,10,KOAK,37.721298,-122.221001,1588
2020,6,KDTW,42.212399,-83.353401,1583
2020,11,KOAK,37.721298,-122.221001,1581
2019,6,KIND,39.717300,-86.294403,1580
2019,9,KCMH,39.998001,-82.891899,1580
2020,12,KSJC,37.362598,-121.929001,1578
2019,2,KHOU,29.645399,-95.278900,1572
2019,3,KRDU,35.877602,-78.787498,1571
2019,5,KSLC,40.785749,-111.979746,1565
2020,1,KCMH,39.998001,-82.891899,1565
2020,5,KBNA,36.124500,-86.678200,1564
2020,6,KPHL,39.871899,-75.241096,1562
2021,3,KIAD,38.944500,-77.455803,1561
2020,4,KIAH,29.984400,-95.341400,1555
2021,1,KOAK,37.721298,-122.221001,1553
2019,4,KRDU,35.877602,-78.787498,1547
2020,11,KSJC,37.362598,-121.929001,1539
2020,5,KBOS,42.364300,-71.005203,1537
2020,11,KSNA,33.675701,-117.867996,1536
2021,1,KSJC,37.362598,-121.929001,1536
2020,12,KIAD,38.944500,-77.455803,1533
2020,4,KSTL,38.748697,-90.370003,1532
2020,7,KRSW,26.536200,-81.755203,1532
2021,2,KSNA,33.675701,-117.867996,1528
2020,9,KSJC,37.362598,-121.929001,1518
2019,1,KIAD,38.944500,-77.455803,1516
2021,3,KHOU,29.645399,-95.278900,1515
2019,1,KHOU,29.645399,-95.278900,1509
2020,2,KCMH,39.998001,-82.891899,1508
2020,9,KMCI,39.297600,-94.713898,1506
2019,9,KIND,39.717300,-86.294403,1499
2020,6,KSMF,38.695400,-121.591003,1497
2019,2,KAUS,30.194500,-97.669899,1495
2020,2,KAUS,30.194500,-97.669899,1495
2020,6,KSJC,37.362598,-121.929001,1489
2019,3,KIAH,29.984400,-95.341400,1483
2019,1,KRDU,35.877602,-78.787498,1482
2020,9,KOAK,37.721298,-122.221001,1481
2020,10,KRDU,35.877602,-78.787498,1476
2019,2,KSAT,29.533701,-98.469803,1473
2020,10,KSJC,37.362598,-121.929001,1466
2019,3,KDTW,42.212399,-83.353401,1459
2020,3,KTPA,27.975500,-82.533203,1458
2021,2,KPDX,45.588699,-122.598000,1458
2020,8,KAUS,30.194500,-97.669899,1454
2020,4,KDCA,38.852100,-77.037697,1451
2021,3,KMKE,42.947201,-87.896599,1450
2019,5,KPDX,45.588699,-122.598000,1448
2019,2,KSMF,38.695400,-121.591003,1444
2019,2,KSLC,40.785749,-111.979746,1439
2019,8,KRNO,39.499100,-119.767998,1438
2020,3,KCMH,39.998001,-82.891899,1438
2021,2,KDCA,38.852100,-77.037697,1433
2021,3,KSAT,29.533701,-98.469803,1430
2020,11,KMCI,39.297600,-94.713898,1413
2020,2,KSLC,40.785749,-111.979746,1410
2019,2,KRDU,35.877602,-78.787498,1403
2019,2,KBNA,36.124500,-86.678200,1402
2019,2,KIAD,38.944500,-77.455803,1397
2020,10,KIAD,38.944500,-77.455803,1395
2020,10,KSNA,33.675701,-117.867996,1393
2020,8,KRDU,35.877602,-78.787498,1392
2021,3,KIND,39.717300,-86.294403,1390
2021,2,KOAK,37.721298,-122.221001,1378
2020,6,KLGA,40.777199,-73.872597,1377
2021,1,KMCI,39.297600,-94.713898,1376
2019,7,KCMH,39.998001,-82.891899,1374
2020,4,KMSP,44.882000,-93.221802,1370
2020,12,KMCI,39.297600,-94.713898,1369
2020,6,KHOU,29.645399,-95.278900,1367
2020,11,KRDU,35.877602,-78.787498,1361
2019,8,KBOI,43.564400,-116.223000,1356
2020,10,KMCI,39.297600,-94.713898,1354
2021,1,KIAD,38.944500,-77.455803,1349
2019,3,KMIA,25.793200,-80.290604,1347
2020,4,KFLL,26.072599,-80.152702,1346
2020,6,KJFK,40.639801,-73.778900,1342
2020,1,KOMA,41.303200,-95.894096,1337
2019,1,KPDX,45.588699,-122.598000,1336
2019,2,KPDX,45.588699,-122.598000,1332
2019,12,KBOI,43.564400,-116.223000,1327
2020,8,KRSW,26.536200,-81.755203,1327
2019,12,KOMA,41.303200,-95.894096,1326
2021,1,KRDU,35.877602,-78.787498,1325
2019,1,KSAT,29.533701,-98.469803,1324
2020,3,KBOI,43.564400,-116.223000,1323
2020,5,KDCA,38.852100,-77.037697,1322
2019,5,KCMH,39.998001,-82.891899,1319
2020,4,KMIA,25.793200,-80.290604,1318
2020,5,KPHL,39.871899,-75.241096,1312
2020,7,KRDU,35.877602,-78.787498,1310
2021,2,KSJC,37.362598,-121.929001,1305
2020,6,KOAK,37.721298,-122.221001,1305
2019,10,KSLC,40.785749,-111.979746,1303
2019,9,KSLC,40.785749,-111.979746,1300
2020,9,KSNA,33.675701,-117.867996,1298
2019,3,KBNA,36.124500,-86.678200,1297
2019,6,KSLC,40.785749,-111.979746,1296
2020,11,KIAD,38.944500,-77.455803,1293
2021,2,KRDU,35.877602,-78.787498,1289
2019,4,KBNA,36.124500,-86.678200,1286
2020,2,KOMA,41.303200,-95.894096,1286
2019,6,KCMH,39.998001,-82.891899,1283
2019,10,KBOI,43.564400,-116.223000,1283
2020,11,KAUS,30.194500,-97.669899,1268
2019,11,KSLC,40.785749,-111.979746,1266
2020,8,KCMH,39.998001,-82.891899,1266
2020,5,KDTW,42.212399,-83.353401,1264
2020,1,KBOI,43.564400,-116.223000,1261
2021,2,KMCI,39.297600,-94.713898,1260
2020,12,KRDU,35.877602,-78.787498,1252
2020,10,KTPA,27.975500,-82.533203,1243
2019,5,KOMA,41.303200,-95.894096,1241
2020,2,KBOI,43.564400,-116.223000,1236
2020,8,KIND,39.717300,-86.294403,1236
2019,4,KIND,39.717300,-86.294403,1235
2020,12,KSAT,29.533701,-98.469803,1233
2019,11,KOMA,41.303200,-95.894096,1231
2020,2,KMCO,28.429399,-81.308998,1228
2020,5,KSTL,38.748697,-90.370003,1223
2019,7,KMCO,28.429399,-81.308998,1220
2019,11,KBOI,43.564400,-116.223000,1217
2020,5,KMIA,25.793200,-80.290604,1216
2020,9,KRDU,35.877602,-78.787498,1212
2019,7,KBOI,43.564400,-116.223000,1206
2020,6,KMCI,39.297600,-94.713898,1205
2020,8,KIAD,38.944500,-77.455803,1196
2019,10,KRNO,39.499100,-119.767998,1184
2019,9,KCLE,41.411701,-81.849800,1182
2020,12,KBOI,43.564400,-116.223000,1180
2020,4,KSMF,38.695400,-121.591003,1179
2021,2,KIAD,38.944500,-77.455803,1175
2019,9,KRNO,39.499100,-119.767998,1173
2019,3,KIND,39.717300,-86.294403,1169
2019,12,KMKE,42.947201,-87.896599,1169
2021,3,KRNO,39.499100,-119.767998,1163
2020,5,KFLL,26.072599,-80.152702,1159
2019,8,KBUF,42.940498,-78.732201,1158
2019,1,KSLC,40.785749,-111.979746,1150
2019,3,KPDX,45.588699,-122.598000,1144
2020,5,KMSP,44.882000,-93.221802,1139
2020,4,KMCI,39.297600,-94.713898,1133
2020,7,KONT,34.056000,-117.600998,1128
2019,1,KBNA,36.124500,-86.678200,1118
2020,10,KBOI,43.564400,-116.223000,1116
2020,7,KIND,39.717300,-86.294403,1112
2020,4,KHOU,29.645399,-95.278900,1110
2020,11,KBOI,43.564400,-116.223000,1109
2019,8,KCLE,41.411701,-81.849800,1107
2019,10,KMKE,42.947201,-87.896599,1106
2020,9,KSLC,40.785749,-111.979746,1106
2019,9,KBOI,43.564400,-116.223000,1105
2020,3,KOMA,41.303200,-95.894096,1100
2020,12,KHOU,29.645399,-95.278900,1100
2019,7,KRNO,39.499100,-119.767998,1100
2020,11,KMCO,28.429399,-81.308998,1089
2019,12,KSLC,40.785749,-111.979746,1089
2020,4,KSJC,37.362598,-121.929001,1084
2021,3,KCMH,39.998001,-82.891899,1084
2020,8,KIAH,29.984400,-95.341400,1084
2019,10,KBUF,42.940498,-78.732201,1079
2021,1,KSAT,29.533701,-98.469803,1078
2020,6,KEWR,40.692501,-74.168701,1077
2019,11,KBUF,42.940498,-78.732201,1076
2019,8,KTUS,32.115004,-110.938053,1076
2020,8,KONT,34.056000,-117.600998,1076
2019,3,KTUS,32.115004,-110.938053,1067
2020,12,KMCO,28.429399,-81.308998,1067
2021,3,KBOI,43.564400,-116.223000,1055
2019,7,KIAH,29.984400,-95.341400,1053
2020,9,KRSW,26.536200,-81.755203,1051
2021,1,KBOI,43.564400,-116.223000,1047
2019,5,KTUS,32.115004,-110.938053,1044
2020,10,KSAT,29.533701,-98.469803,1043
2020,6,KRSW,26.536200,-81.755203,1042
2021,3,KTUS,32.115004,-110.938053,1041
2019,4,KTUS,32.115004,-110.938053,1037
2019,4,KSLC,40.785749,-111.979746,1036
2020,5,KSMF,38.695400,-121.591003,1032
2019,6,KRNO,39.499100,-119.767998,1028
2019,7,KTUS,32.115004,-110.938053,1017
2020,6,KAUS,30.194500,-97.669899,1017
2020,6,KSNA,33.675701,-117.867996,1016
2020,9,KIAD,38.944500,-77.455803,1003
2020,5,KMCI,39.297600,-94.713898,1002
2020,6,KPDX,45.588699,-122.598000,1001
2020,8,KBOI,43.564400,-116.223000,998
2019,10,KTUL,36.198399,-95.888100,996
2019,3,KRNO,39.499100,-119.767998,995
2019,1,KSMF,38.695400,-121.591003,994
2020,10,KAUS,30.194500,-97.669899,993
2020,7,KCMH,39.998001,-82.891899,990
2019,7,KMSY,29.993401,-90.258003,989
2019,9,KBUF,42.940498,-78.732201,989
2019,3,KSLC,40.785749,-111.979746,989
2019,10,KCLE,41.411701,-81.849800,987
2020,9,KIND,39.717300,-86.294403,986
2019,8,KMKE,42.947201,-87.896599,980
2019,12,KBUF,42.940498,-78.732201,980
2019,6,KOMA,41.303200,-95.894096,979
2020,5,KSJC,37.362598,-121.929001,966
2019,12,KCLE,41.411701,-81.849800,960
2020,4,KIAD,38.944500,-77.455803,955
2019,2,KTUS,32.115004,-110.938053,953
2021,3,KOKC,35.393101,-97.600700,952
2020,11,KCMH,39.998001,-82.891899,951
2020,8,KOMA,41.303200,-95.894096,944
2020,9,KBOI,43.564400,-116.223000,943
2021,1,KIND,39.717300,-86.294403,939
2019,4,KOMA,41.303200,-95.894096,937
2019,2,KIND,39.717300,-86.294403,936
2019,1,KTUS,32.115004,-110.938053,933
2020,7,KIAD,38.944500,-77.455803,933
2019,7,KBUF,42.940498,-78.732201,931
2020,2,KMKE,42.947201,-87.896599,931
2020,4,KOAK,37.721298,-122.221001,928
2019,6,KTUS,32.115004,-110.938053,928
2019,11,KTUL,36.198399,-95.888100,927
2020,11,KSAT,29.533701,-98.469803,924
2021,1,KTUS,32.115004,-110.938053,922
2020,7,KSAT,29.533701,-98.469803,918
2021,2,KHOU,29.645399,-95.278900,916
2019,11,KMKE,42.947201,-87.896599,916
2020,12,KTUS,32.115004,-110.938053,914
2021,1,KRNO,39.499100,-119.767998,908
2020,5,KOAK,37.721298,-122.221001,904
2020,12,KCMH,39.998001,-82.891899,900
2020,9,KONT,34.056000,-117.600998,897
2020,2,KCLE,41.411701,-81.849800,894
2020,9,KHOU,29.645399,-95.278900,894
2020,5,KHOU,29.645399,-95.278900,891
2019,1,KRNO,39.499100,-119.767998,890
2019,11,KCLE,41.411701,-81.849800,889
2019,5,KIAH,29.984400,-95.341400,889
2021,3,KOMA,41.303200,-95.894096,888
2020,4,KRSW,26.536200,-81.755203,886
2020,10,KOMA,41.303200,-95.894096,886
2020,6,KONT,34.056000,-117.600998,885
2020,4,KPDX,45.588699,-122.598000,884
2019,2,KRNO,39.499100,-119.767998,884
2020,1,KTUL,36.198399,-95.888100,884
2021,2,KBOI,43.564400,-116.223000,884
2020,11,KOMA,41.303200,-95.894096,873
2019,1,KTPA,27.975500,-82.533203,872
2019,9,KTUL,36.198399,-95.888100,872
2020,9,KOMA,41.303200,-95.894096,871
2020,4,KJFK,40.639801,-73.778900,869
2019,1,KIND,39.717300,-86.294403,865
2020,4,KRDU,35.877602,-78.787498,865
2020,10,KCMH,39.998001,-82.891899,860
2021,3,KBDL,41.938900,-72.683197,857
2020,1,KMKE,42.947201,-87.896599,855
2019,3,KOMA,41.303200,-95.894096,853
2020,7,KOMA,41.303200,-95.894096,851
2019,12,KTUL,36.198399,-95.888100,850
2020,6,KRDU,35.877602,-78.787498,849
2020,10,KHOU,29.645399,-95.278900,848
2021,1,KHOU,29.645399,-95.278900,847
2019,9,KMKE,42.947201,-87.896599,844
2020,5,KIAH,29.984400,-95.341400,843
2020,12,KOMA,41.303200,-95.894096,843
2020,9,KCMH,39.998001,-82.891899,843
2021,2,KTUS,32.115004,-110.938053,842
2019,12,KRSW,26.536200,-81.755203,839
2020,2,KTUL,36.198399,-95.888100,837
2021,1,KCMH,39.998001,-82.891899,837
2021,2,KRNO,39.499100,-119.767998,835
2020,7,KBOI,43.564400,-116.223000,832
2020,3,KTUL,36.198399,-95.888100,828
2020,12,KIND,39.717300,-86.294403,818
2019,4,KRNO,39.499100,-119.767998,818
2019,12,KCVG,39.048801,-84.667801,816
2019,8,KTUL,36.198399,-95.888100,815
2020,1,KBUF,42.940498,-78.732201,813
2021,2,KIND,39.717300,-86.294403,813
2019,10,KSDF,38.174400,-85.736000,808
2020,4,KLGA,40.777199,-73.872597,806
2020,9,KSAT,29.533701,-98.469803,805
2020,4,KSAT,29.533701,-98.469803,804
2019,11,KRNO,39.499100,-119.767998,801
2020,6,KIND,39.717300,-86.294403,793
2021,2,KSAT,29.533701,-98.469803,793
2020,11,KPIT,40.491501,-80.232903,787
2020,8,KSLC,40.785749,-111.979746,786
2021,1,KOKC,35.393101,-97.600700,785
2020,1,KFAT,36.776199,-119.718002,784
2020,3,KBUF,42.940498,-78.732201,783
2020,5,KPDX,45.588699,-122.598000,782
2020,2,KFAT,36.776199,-119.718002,775
2020,8,KTUL,36.198399,-95.888100,771
2021,1,KOMA,41.303200,-95.894096,770
2020,8,KMKE,42.947201,-87.896599,765
2020,11,KTUS,32.115004,-110.938053,764
2019,12,KSDF,38.174400,-85.736000,761
2020,3,KMKE,42.947201,-87.896599,754
2020,3,KCVG,39.048801,-84.667801,753
2020,11,KMKE,42.947201,-87.896599,750
2019,10,KCOS,38.805801,-104.700996,743
2020,1,KCVG,39.048801,-84.667801,743
2020,3,KCLE,41.411701,-81.849800,743
2019,11,KSDF,38.174400,-85.736000,742
2020,10,KMCO,28.429399,-81.308998,738
2020,3,KFAT,36.776199,-119.718002,737
2021,2,KOKC,35.393101,-97.600700,737
2019,5,KRNO,39.499100,-119.767998,735
2020,12,KPIT,40.491501,-80.232903,730
2019,4,KFLL,26.072599,-80.152702,729
2020,1,KSDF,38.174400,-85.736000,728
2019,2,KPBI,26.683201,-80.095596,726
2020,10,KIND,39.717300,-86.294403,726
2020,1,KCLE,41.411701,-81.849800,723
2020,5,KIAD,38.944500,-77.455803,723
2021,2,KCMH,39.998001,-82.891899,722
2020,6,KIAD,38.944500,-77.455803,720
2020,4,KEWR,40.692501,-74.168701,718
2019,6,KIAH,29.984400,-95.341400,714
2020,5,KRSW,26.536200,-81.755203,714
2021,2,KMKE,42.947201,-87.896599,712
2020,4,KSNA,33.675701,-117.867996,711
2019,7,KCLT,35.214001,-80.943100,710
2021,3,KFAT,36.776199,-119.718002,710
2020,11,KRNO,39.499100,-119.767998,707
2021,2,KAUS,30.194500,-97.669899,704
2019,1,KOKC,35.393101,-97.600700,701
2021,3,KTUL,36.198399,-95.888100,700
2020,2,KMSN,43.139900,-89.337502,699
2019,6,KBUF,42.940498,-78.732201,698
2019,2,KOMA,41.303200,-95.894096,697
2020,9,KMKE,42.947201,-87.896599,695
2020,5,KSNA,33.675701,-117.867996,695
2021,3,KONT,34.056000,-117.600998,690
2019,1,KMCO,28.429399,-81.308998,688
2020,5,KEWR,40.692501,-74.168701,688
2020,8,KBDL,41.938900,-72.683197,688
2020,7,KMKE,42.947201,-87.896599,686
2019,8,KIAH,29.984400,-95.341400,685
2019,7,KMKE,42.947201,-87.896599,684
2019,7,KCOS,38.805801,-104.700996,683
2020,6,KOMA,41.303200,-95.894096,683
2019,12,KCOS,38.805801,-104.700996,682
2020,2,KSDF,38.174400,-85.736000,679
2019,12,KMCO,28.429399,-81.308998,676
2019,9,KCOS,38.805801,-104.700996,676
2019,11,KCOS,38.805801,-104.700996,676
2020,10,KRNO,39.499100,-119.767998,673
2020,11,KBDL,41.938900,-72.683197,664
2019,7,KORF,36.894600,-76.201202,663
2019,8,KCOS,38.805801,-104.700996,659
2020,1,KCOS,38.805801,-104.700996,657
2019,5,KBUF,42.940498,-78.732201,655
2020,11,KHOU,29.645399,-95.278900,654
2021,3,KGEG,47.619900,-117.533997,653
2019,7,PANC,61.174400,-149.996002,651
2020,1,KMSN,43.139900,-89.337502,651
2020,2,KORF,36.894600,-76.201202,649
2019,6,KORF,36.894600,-76.201202,649
2021,2,KOMA,41.303200,-95.894096,647
2020,12,KFAT,36.776199,-119.718002,643
2019,1,KOMA,41.303200,-95.894096,640
2019,8,KMSN,43.139900,-89.337502,640
2020,11,KTUL,36.198399,-95.888100,638
2019,6,KONT,34.056000,-117.600998,635
2021,2,KONT,34.056000,-117.600998,634
2020,5,KSAT,29.533701,-98.469803,632
2020,6,KBOI,43.564400,-116.223000,632
2020,9,KTUL,36.198399,-95.888100,628
2019,8,KSDF,38.174400,-85.736000,627
2020,5,KRDU,35.877602,-78.787498,627
2020,2,KBUF,42.940498,-78.732201,626
2019,8,PANC,61.174400,-149.996002,625
2020,2,KCVG,39.048801,-84.667801,621
2020,3,KMSN,43.139900,-89.337502,618
2020,10,KFAT,36.776199,-119.718002,617
2020,4,KAUS,30.194500,-97.669899,617
2019,5,KCOS,38.805801,-104.700996,616
2021,1,KBDL,41.938900,-72.683197,615
2020,7,KTPA,27.975500,-82.533203,615
2020,5,KAUS,30.194500,-97.669899,611
2021,1,KFAT,36.776199,-119.718002,606
2021,3,KSRQ,27.395399,-82.554398,606
2019,7,KSDF,38.174400,-85.736000,605
2019,1,KPBI,26.683201,-80.095596,604
2020,6,KCMH,39.998001,-82.891899,603
2020,4,KSLC,40.785749,-111.979746,600
2020,5,KOMA,41.303200,-95.894096,600
2020,10,KBDL,41.938900,-72.683197,600
2020,2,KPVD,41.732601,-71.420403,599
2019,5,KSFB,28.777599,-81.237503,599
2019,6,KCOS,38.805801,-104.700996,598
2020,7,KBUF,42.940498,-78.732201,598
2020,7,KTUL,36.198399,-95.888100,597
2020,8,KCVG,39.048801,-84.667801,592
2021,2,KFAT,36.776199,-119.718002,590
2020,3,KCOS,38.805801,-104.700996,589
2020,2,KCOS,38.805801,-104.700996,589
2020,1,KORF,36.894600,-76.201202,587
2020,3,KSDF,38.174400,-85.736000,587
2020,10,KTUL,36.198399,-95.888100,581
2020,5,KTPA,27.975500,-82.533203,578
2020,7,KSLC,40.785749,-111.979746,578
2020,8,KBUF,42.940498,-78.732201,576
2019,4,KATL,33.636700,-84.428101,574
2020,12,KMKE,42.947201,-87.896599,573
2019,4,KIAH,29.984400,-95.341400,570
2020,9,KBDL,41.938900,-72.683197,569
2019,3,KMCO,28.429399,-81.308998,567
2020,11,KFAT,36.776199,-119.718002,566
2019,6,KSDF,38.174400,-85.736000,565
2020,11,KORF,36.894600,-76.201202,563
2020,12,KTUL,36.198399,-95.888100,563
2019,2,KOKC,35.393101,-97.600700,561
2020,6,KSAT,29.533701,-98.469803,558
2021,2,KBDL,41.938900,-72.683197,557
2020,10,KCVG,39.048801,-84.667801,554
2020,1,KMCO,28.429399,-81.308998,551
2019,9,KSDF,38.174400,-85.736000,550
2020,5,KJFK,40.639801,-73.778900,549
2020,10,KONT,34.056000,-117.600998,549
2021,1,KSMF,38.695400,-121.591003,549
2020,10,KORF,36.894600,-76.201202,540
2020,4,KOMA,41.303200,-95.894096,540
2019,5,KORF,36.894600,-76.201202,539
2020,1,KROC,43.118900,-77.672401,538
2020,3,KORF,36.894600,-76.201202,534
2020,3,KPVD,41.732601,-71.420403,533
2019,6,PANC,61.174400,-149.996002,532
2020,12,KBDL,41.938900,-72.683197,530
2020,4,KBOI,43.564400,-116.223000,527
2020,10,KMKE,42.947201,-87.896599,525
2020,4,KCMH,39.998001,-82.891899,523
2019,8,KFLL,26.072599,-80.152702,523
2019,4,KCMH,39.998001,-82.891899,520
2020,6,KRNO,39.499100,-119.767998,517
2020,3,KTUS,32.115004,-110.938053,514
2020,8,KORF,36.894600,-76.201202,513
2020,7,KCVG,39.048801,-84.667801,512
2020,8,KSDF,38.174400,-85.736000,511
2019,5,KMSN,43.139900,-89.337502,506
2019,10,KMSN,43.139900,-89.337502,504
2020,9,KFAT,36.776199,-119.718002,502
2019,2,KTPA,27.975500,-82.533203,501
2020,2,KROC,43.118900,-77.672401,500
2019,3,KMKE,42.947201,-87.896599,499
2021,1,KMKE,42.947201,-87.896599,499
2021,1,KTUL,36.198399,-95.888100,498
2019,8,KPVD,41.732601,-71.420403,496
2020,1,KPVD,41.732601,-71.420403,496
2020,3,KMCO,28.429399,-81.308998,496
2019,5,KSDF,38.174400,-85.736000,493
2020,5,KONT,34.056000,-117.600998,492
2019,3,KPBI,26.683201,-80.095596,490
2020,5,KRNO,39.499100,-119.767998,488
2020,2,KSYR,43.111198,-76.106300,486
2020,11,KSLC,40.785749,-111.979746,484
2019,12,KMSN,43.139900,-89.337502,483
2020,12,KORF,36.894600,-76.201202,483
2020,9,KORF,36.894600,-76.201202,482
2019,3,KCOS,38.805801,-104.700996,482
2019,7,KMSN,43.139900,-89.337502,481
2019,5,KONT,34.056000,-117.600998,481
2019,6,KBFI,47.529999,-122.302002,481
2020,6,KTUS,32.115004,-110.938053,480
2019,6,KMSN,43.139900,-89.337502,480
2019,1,KMKE,42.947201,-87.896599,478
2019,12,KROC,43.118900,-77.672401,478
2019,12,KFAT,36.776199,-119.718002,477
2020,5,KSLC,40.785749,-111.979746,477
2020,1,KSRQ,27.395399,-82.554398,476
2020,8,KVPS,30.483200,-86.525398,474
2020,9,KCVG,39.048801,-84.667801,474
2019,2,KMKE,42.947201,-87.896599,472
2020,5,KIND,39.717300,-86.294403,471
2020,8,KFAT,36.776199,-119.718002,471
2020,7,KORF,36.894600,-76.201202,470
2019,4,KCOS,38.805801,-104.700996,469
2020,3,KSRQ,27.395399,-82.554398,468
2019,1,KSFB,28.777599,-81.237503,468
2020,2,KSRQ,27.395399,-82.554398,464
2020,5,KBOI,43.564400,-116.223000,462
2020,6,KSLC,40.785749,-111.979746,460
2020,9,KAUS,30.194500,-97.669899,459
2020,5,KLGA,40.777199,-73.872597,458
2019,8,KROC,43.118900,-77.672401,452
2021,1,KSRQ,27.395399,-82.554398,448
2019,9,KMSN,43.139900,-89.337502,446
2020,4,KMKE,42.947201,-87.896599,446
2020,3,KROC,43.118900,-77.672401,445
2020,12,KCOS,38.805801,-104.700996,437
2020,8,KSAT,29.533701,-98.469803,436
2020,10,KBUF,42.940498,-78.732201,436
2020,12,KSRQ,27.395399,-82.554398,436
2020,11,KBUF,42.940498,-78.732201,434
2019,10,KROC,43.118900,-77.672401,429
2021,2,KGEG,47.619900,-117.533997,428
2020,7,KFAT,36.776199,-119.718002,425
2019,10,KOMA,41.303200,-95.894096,422
2021,2,KTUL,36.198399,-95.888100,421
2019,11,KROC,43.118900,-77.672401,416
2020,7,KRNO,39.499100,-119.767998,414
2020,12,KGEG,47.619900,-117.533997,414
2019,11,KMSN,43.139900,-89.337502,412
2020,10,KVPS,30.483200,-86.525398,411
2021,3,KBUF,42.940498,-78.732201,410
2021,3,KSDF,38.174400,-85.736000,410
2020,9,KMCO,28.429399,-81.308998,409
2020,8,KCLE,41.411701,-81.849800,408
2021,2,KCOS,38.805801,-104.700996,406
2020,3,KSYR,43.111198,-76.106300,401
2020,7,KVPS,30.483200,-86.525398,401
2020,11,KTPA,27.975500,-82.533203,399
2019,9,KPVD,41.732601,-71.420403,396
2019,9,KOMA,41.303200,-95.894096,395
2019,4,KSFB,28.777599,-81.237503,391
2021,3,KCOS,38.805801,-104.700996,390
2020,5,KCMH,39.998001,-82.891899,388
2019,11,KPVD,41.732601,-71.420403,386
2020,8,KCOS,38.805801,-104.700996,386
2020,9,KBUF,42.940498,-78.732201,384
2019,2,KCOS,38.805801,-104.700996,384
2020,5,KTUS,32.115004,-110.938053,383
2020,11,KCVG,39.048801,-84.667801,383
2020,6,KTUL,36.198399,-95.888100,382
2019,9,KROC,43.118900,-77.672401,381
2019,2,KBUF,42.940498,-78.732201,380
2020,9,KVPS,30.483200,-86.525398,378
2020,2,KONT,34.056000,-117.600998,377
2019,4,KMSN,43.139900,-89.337502,376
2020,9,KRNO,39.499100,-119.767998,375
2020,8,KSFB,28.777599,-81.237503,373
2020,8,KMSN,43.139900,-89.337502,372
2021,1,KCOS,38.805801,-104.700996,372
2020,11,KCOS,38.805801,-104.700996,370
2019,10,KPVD,41.732601,-71.420403,370
2020,1,KONT,34.056000,-117.600998,370
2020,9,KSDF,38.174400,-85.736000,369
2019,5,KFLL,26.072599,-80.152702,368
2020,6,KCVG,39.048801,-84.667801,367
2020,1,KTUS,32.115004,-110.938053,366
2020,12,KBUF,42.940498,-78.732201,366
2020,10,KCOS,38.805801,-104.700996,365
2020,6,KSFB,28.777599,-81.237503,364
2020,12,KRNO,39.499100,-119.767998,364
2019,6,KBOI,43.564400,-116.223000,363
2019,8,KORF,36.894600,-76.201202,363
2019,3,KMSN,43.139900,-89.337502,362
2020,12,KSFB,28.777599,-81.237503,361
2019,1,KCOS,38.805801,-104.700996,358
2019,1,KBUF,42.940498,-78.732201,355
2020,11,KSRQ,27.395399,-82.554398,354
2019,4,KBUF,42.940498,-78.732201,353
2019,10,KTYS,35.811001,-83.994003,352
2020,10,KSRQ,27.395399,-82.554398,348
2020,9,KCOS,38.805801,-104.700996,348
2019,12,KPVD,41.732601,-71.420403,347
2020,6,KORF,36.894600,-76.201202,347
2019,4,KPBI,26.683201,-80.095596,346
2020,6,KBUF,42.940498,-78.732201,342
2020,10,KSDF,38.174400,-85.736000,341
2019,2,KCLE,41.411701,-81.849800,339
2020,7,KIAH,29.984400,-95.341400,336
2020,11,KIND,39.717300,-86.294403,336
2020,4,KBUF,42.940498,-78.732201,335
2020,7,KMCO,28.429399,-81.308998,334
2020,2,KTUS,32.115004,-110.938053,333
2020,11,KSDF,38.174400,-85.736000,333
2020,7,KTUS,32.115004,-110.938053,332
2020,6,KMKE,42.947201,-87.896599,331
2020,4,KTUS,32.115004,-110.938053,325
2020,6,KSDF,38.174400,-85.736000,323
2019,6,KMKE,42.947201,-87.896599,320
2019,1,KONT,34.056000,-117.600998,320
2021,1,KSDF,38.174400,-85.736000,319
2020,5,KBUF,42.940498,-78.732201,318
2019,5,KMCO,28.429399,-81.308998,316
2019,12,KSRQ,27.395399,-82.554398,316
2019,4,KMKE,42.947201,-87.896599,313
2020,4,KTPA,27.975500,-82.533203,312
2020,7,KSFB,28.777599,-81.237503,312
2020,11,KSFB,28.777599,-81.237503,311
2019,11,KSRQ,27.395399,-82.554398,310
2019,12,KSFB,28.777599,-81.237503,309
2020,7,KSDF,38.174400,-85.736000,309
2019,8,KVPS,30.483200,-86.525398,307
2020,4,KTUL,36.198399,-95.888100,306
2019,10,KSRQ,27.395399,-82.554398,303
2019,4,KONT,34.056000,-117.600998,302
2019,9,PANC,61.174400,-149.996002,301
2020,4,KPVD,41.732601,-71.420403,301
2019,9,KTUS,32.115004,-110.938053,298
2019,2,KPVD,41.732601,-71.420403,297
2019,2,KMSN,43.139900,-89.337502,296
2021,3,KPVD,41.732601,-71.420403,296
2021,1,KBUF,42.940498,-78.732201,294
2019,10,KVPS,30.483200,-86.525398,293
2021,2,KBUF,42.940498,-78.732201,293
2020,6,KPIT,40.491501,-80.232903,284
2020,12,KSDF,38.174400,-85.736000,283
2020,6,KFAT,36.776199,-119.718002,282
2020,9,KSFB,28.777599,-81.237503,279
2019,5,KSAV,32.127602,-81.202103,279
2020,5,KTUL,36.198399,-95.888100,279
2020,4,KORF,36.894600,-76.201202,278
2021,2,KSRQ,27.395399,-82.554398,278
2020,7,KPVD,41.732601,-71.420403,277
2020,7,KROC,43.118900,-77.672401,277
2021,2,KSDF,38.174400,-85.736000,277
2019,1,KMSN,43.139900,-89.337502,275
2019,11,KTYS,35.811001,-83.994003,275
2020,4,KCLE,41.411701,-81.849800,274
2019,3,KOKC,35.393101,-97.600700,274
2020,5,KFAT,36.776199,-119.718002,274
2020,7,KCOS,38.805801,-104.700996,273
2019,12,KDAY,39.902401,-84.219398,272
2020,4,KCOS,38.805801,-104.700996,270
2020,4,KFAT,36.776199,-119.718002,269
2019,5,KMKE,42.947201,-87.896599,268
2019,3,KTPA,27.975500,-82.533203,266
2020,5,KSDF,38.174400,-85.736000,266
2019,12,KTUS,32.115004,-110.938053,265
2019,11,KVPS,30.483200,-86.525398,265
2020,7,PANC,61.174400,-149.996002,263
2021,1,KTPA,27.975500,-82.533203,263
2019,12,KBFI,47.529999,-122.302002,257
2019,8,KONT,34.056000,-117.600998,256
2020,6,KMCO,28.429399,-81.308998,254
2019,3,KBUF,42.940498,-78.732201,252
2020,2,KGRB,44.485100,-88.129601,251
2020,7,KPIT,40.491501,-80.232903,250
2020,8,PANC,61.174400,-149.996002,250
2019,9,KVPS,30.483200,-86.525398,249
2020,6,KVPS,30.483200,-86.525398,247
2021,1,KGEG,47.619900,-117.533997,247
2019,10,KONT,34.056000,-117.600998,246
2020,8,KPVD,41.732601,-71.420403,246
2020,8,KPIT,40.491501,-80.232903,245
2019,4,KSDF,38.174400,-85.736000,240
2020,11,KVPS,30.483200,-86.525398,240
2019,1,KPVD,41.732601,-71.420403,239
2019,4,KMCO,28.429399,-81.308998,238
2020,4,KSDF,38.174400,-85.736000,237
2020,4,KCVG,39.048801,-84.667801,236
2021,3,KSFB,28.777599,-81.237503,235
2020,10,KTUS,32.115004,-110.938053,234
2019,5,PANC,61.174400,-149.996002,231
2019,12,KVPS,30.483200,-86.525398,231
2020,8,KROC,43.118900,-77.672401,231
2020,10,KSFB,28.777599,-81.237503,227
2021,1,KORF,36.894600,-76.201202,227
2020,2,KOKC,35.393101,-97.600700,226
2020,7,KMSN,43.139900,-89.337502,226
2019,7,KROC,43.118900,-77.672401,225
2020,9,KCLE,41.411701,-81.849800,224
2019,3,KCLE,41.411701,-81.849800,224
2019,9,KTYS,35.811001,-83.994003,222
2021,3,KMSN,43.139900,-89.337502,222
2020,3,KGRB,44.485100,-88.129601,222
2019,10,KCAE,33.938801,-81.119499,221
2019,10,KSFB,28.777599,-81.237503,220
2019,5,KPBI,26.683201,-80.095596,219
2019,8,KSAV,32.127602,-81.202103,218
2019,7,KSAV,32.127602,-81.202103,217
2020,9,KPVD,41.732601,-71.420403,217
2020,12,KAUS,30.194500,-97.669899,217
2020,10,KMHT,42.932598,-71.435699,216
2020,8,KMHT,42.932598,-71.435699,213
2020,1,KDAY,39.902401,-84.219398,212
2021,1,KSFB,28.777599,-81.237503,212
2020,5,KCVG,39.048801,-84.667801,211
2020,12,KTPA,27.975500,-82.533203,211
2020,1,KBFI,47.529999,-122.302002,209
2020,9,PANC,61.174400,-149.996002,209
2020,11,KPVD,41.732601,-71.420403,208
2020,9,KMSN,43.139900,-89.337502,207
2019,3,KSFB,28.777599,-81.237503,206
2019,9,KCAE,33.938801,-81.119499,205
2020,6,KTPA,27.975500,-82.533203,205
2019,5,KGSP,34.895699,-82.218903,204
2020,4,KIND,39.717300,-86.294403,203
2021,3,KROC,43.118900,-77.672401,201
2020,1,KGRB,44.485100,-88.129601,200
2020,5,KORF,36.894600,-76.201202,200
2020,7,KTYS,35.811001,-83.994003,200
2020,9,KSRQ,27.395399,-82.554398,198
2020,5,KMKE,42.947201,-87.896599,198
2020,8,KTYS,35.811001,-83.994003,198
2019,4,KDTW,42.212399,-83.353401,197
2019,8,KCAE,33.938801,-81.119499,197
2020,1,KFWA,40.978500,-85.195099,196
2019,8,KSFB,28.777599,-81.237503,192
2020,5,KPVD,41.732601,-71.420403,190
2019,7,KPVD,41.732601,-71.420403,188
2020,9,KMHT,42.932598,-71.435699,188
2020,11,KMHT,42.932598,-71.435699,188
2019,11,KONT,34.056000,-117.600998,186
2019,2,KSDF,38.174400,-85.736000,185
2019,7,KCAE,33.938801,-81.119499,184
2020,10,KCLE,41.411701,-81.849800,183
2021,3,KTYS,35.811001,-83.994003,183
2021,3,KSYR,43.111198,-76.106300,181
2020,10,PANC,61.174400,-149.996002,179
2019,4,KCLE,41.411701,-81.849800,179
2019,7,KCLE,41.411701,-81.849800,179
2019,9,KSRQ,27.395399,-82.554398,179
2021,3,KRIC,37.505199,-77.319702,179
2019,6,KSTL,38.748697,-90.370003,178
2019,8,KGRB,44.485100,-88.129601,178
2021,1,KMSN,43.139900,-89.337502,177
2020,12,KCVG,39.048801,-84.667801,177
2020,2,KFWA,40.978500,-85.195099,176
2020,6,KROC,43.118900,-77.672401,176
2021,3,KPIT,40.491501,-80.232903,176
2020,12,KMHT,42.932598,-71.435699,176
2020,6,KSRQ,27.395399,-82.554398,174
2019,6,KCAE,33.938801,-81.119499,174
2020,3,KVPS,30.483200,-86.525398,173
2020,2,KDAY,39.902401,-84.219398,173
2021,1,KMHT,42.932598,-71.435699,173
2020,6,KCLE,41.411701,-81.849800,172
2021,2,KMSN,43.139900,-89.337502,170
2020,10,KTYS,35.811001,-83.994003,169
2021,3,KMHT,42.932598,-71.435699,169
2020,9,KROC,43.118900,-77.672401,168
2020,5,KCLE,41.411701,-81.849800,167
2020,9,KPIT,40.491501,-80.232903,167
2020,8,KSRQ,27.395399,-82.554398,165
2020,12,KMSN,43.139900,-89.337502,165
2019,12,KCAE,33.938801,-81.119499,164
2020,1,KDAB,29.179899,-81.058098,164
2019,11,KCAE,33.938801,-81.119499,163
2019,9,KGRB,44.485100,-88.129601,162
2020,5,KSRQ,27.395399,-82.554398,162
2020,7,KSYR,43.111198,-76.106300,162
2020,4,KROC,43.118900,-77.672401,161
2020,3,KDAY,39.902401,-84.219398,161
2020,5,KVPS,30.483200,-86.525398,161
2020,10,KROC,43.118900,-77.672401,160
2019,9,KONT,34.056000,-117.600998,159
2020,5,KCOS,38.805801,-104.700996,158
2020,8,KDAY,39.902401,-84.219398,158
2019,5,KCLE,41.411701,-81.849800,157
2019,7,KBFI,47.529999,-122.302002,155
2021,3,KPBI,26.683201,-80.095596,155
2020,2,KDAB,29.179899,-81.058098,153
2021,1,KAUS,30.194500,-97.669899,153
2019,11,KBFI,47.529999,-122.302002,152
2020,1,KVPS,30.483200,-86.525398,151
2019,4,PANC,61.174400,-149.996002,150
2019,7,KSRQ,27.395399,-82.554398,150
2020,4,KSRQ,27.395399,-82.554398,149
2020,6,PANC,61.174400,-149.996002,149
2020,11,KROC,43.118900,-77.672401,149
2020,11,PANC,61.174400,-149.996002,149
2019,6,KSAV,32.127602,-81.202103,148
2019,10,PANC,61.174400,-149.996002,148
2020,5,KROC,43.118900,-77.672401,148
2020,8,KMCO,28.429399,-81.308998,148
2021,3,KGRB,44.485100,-88.129601,148
2019,6,KCLE,41.411701,-81.849800,147
2020,8,KGEG,47.619900,-117.533997,146
2019,3,KATL,33.636700,-84.428101,145
2020,12,PANC,61.174400,-149.996002,145
2021,1,KPIT,40.491501,-80.232903,145
2019,12,KGRB,44.485100,-88.129601,143
2020,7,KGEG,47.619900,-117.533997,143
2019,4,KPVD,41.732601,-71.420403,143
2020,2,KTYS,35.811001,-83.994003,143
2021,1,KCVG,39.048801,-84.667801,143
2021,2,KMHT,42.932598,-71.435699,141
2019,6,KGSP,34.895699,-82.218903,140
2021,2,KTYS,35.811001,-83.994003,140
2019,6,KSFB,28.777599,-81.237503,139
2019,12,PANC,61.174400,-149.996002,139
2019,12,KDAB,29.179899,-81.058098,139
2020,12,KCLE,41.411701,-81.849800,139
2019,1,KMEM,35.042400,-89.976700,139
2019,6,KSRQ,27.395399,-82.554398,138
2020,12,KROC,43.118900,-77.672401,137
2020,6,KPVD,41.732601,-71.420403,137
2021,2,KCVG,39.048801,-84.667801,136
2019,1,KGRB,44.485100,-88.129601,136
2020,2,KVPS,30.483200,-86.525398,135
2020,6,KCOS,38.805801,-104.700996,135
2020,3,KDAB,29.179899,-81.058098,132
2020,8,KSBN,41.708698,-86.317299,132
2019,1,KSDF,38.174400,-85.736000,132
2019,11,PANC,61.174400,-149.996002,132
2019,3,KPVD,41.732601,-71.420403,131
2019,3,PANC,61.174400,-149.996002,131
2019,5,KCAE,33.938801,-81.119499,131
2021,3,KVPS,30.483200,-86.525398,131
2019,7,KGSP,34.895699,-82.218903,130
2020,11,KMSN,43.139900,-89.337502,130
2020,9,KSYR,43.111198,-76.106300,129
2020,5,KMSN,43.139900,-89.337502,129
2020,12,KVPS,30.483200,-86.525398,129
2020,4,KMSN,43.139900,-89.337502,128
2021,1,KTYS,35.811001,-83.994003,128
2020,8,KSYR,43.111198,-76.106300,128
2020,1,KTYS,35.811001,-83.994003,127
2019,12,KROA,37.325500,-79.975403,126
2019,1,PANC,61.174400,-149.996002,124
2019,4,KSAV,32.127602,-81.202103,124
2019,11,KDAB,29.179899,-81.058098,124
2020,2,KHSV,34.637199,-86.775101,124
2020,1,PANC,61.174400,-149.996002,123
2019,3,KSDF,38.174400,-85.736000,122
2019,6,KROC,43.118900,-77.672401,122
2020,1,KSYR,43.111198,-76.106300,122
2020,1,KROA,37.325500,-79.975403,122
2020,10,KPVD,41.732601,-71.420403,122
2021,2,KSYR,43.111198,-76.106300,122
2020,11,KGEG,47.619900,-117.533997,122
2020,11,KTYS,35.811001,-83.994003,122
2020,6,KMSN,43.139900,-89.337502,120
2019,12,KSYR,43.111198,-76.106300,119
2020,7,KSRQ,27.395399,-82.554398,119
2019,4,KGRB,44.485100,-88.129601,119
2020,9,KTYS,35.811001,-83.994003,118
2021,1,KROC,43.118900,-77.672401,118
2021,3,KPWM,43.646198,-70.309303,118
2021,3,KTPA,27.975500,-82.533203,118
2020,10,KSYR,43.111198,-76.106300,118
2019,2,KMEM,35.042400,-89.976700,117
2019,2,KGRB,44.485100,-88.129601,117
2019,3,KGRB,44.485100,-88.129601,117
2019,12,KTYS,35.811001,-83.994003,117
2020,3,KTYS,35.811001,-83.994003,117
2019,9,KROA,37.325500,-79.975403,116
2020,3,KFWA,40.978500,-85.195099,116
2020,12,KTYS,35.811001,-83.994003,115
2020,12,KPVD,41.732601,-71.420403,115
2020,7,KCLE,41.411701,-81.849800,114
2021,2,KROC,43.118900,-77.672401,114
2021,2,KRIC,37.505199,-77.319702,112
2019,1,KLBB,33.663601,-101.822998,112
2019,12,KFWA,40.978500,-85.195099,111
2020,2,PANC,61.174400,-149.996002,111
2021,2,KPVD,41.732601,-71.420403,110
2020,9,KGEG,47.619900,-117.533997,110
2019,5,KSRQ,27.395399,-82.554398,109
2019,10,KROA,37.325500,-79.975403,109
2019,10,KDAB,29.179899,-81.058098,109
2019,11,KHSV,34.637199,-86.775101,109
2021,1,KSYR,43.111198,-76.106300,109
2020,2,KROA,37.325500,-79.975403,108
2019,2,PANC,61.174400,-149.996002,108
2019,2,KONT,34.056000,-117.600998,108
2019,5,KGRB,44.485100,-88.129601,108
2021,3,KCVG,39.048801,-84.667801,107
2019,10,KBFI,47.529999,-122.302002,107
2019,10,KGRB,44.485100,-88.129601,107
2019,11,KSFB,28.777599,-81.237503,106
2020,6,KSYR,43.111198,-76.106300,105
2019,10,KSAV,32.127602,-81.202103,105
2020,3,PANC,61.174400,-149.996002,105
2021,2,KSFB,28.777599,-81.237503,105
2019,11,KCVG,39.048801,-84.667801,104
2019,8,KDAB,29.179899,-81.058098,104
2020,12,KPWM,43.646198,-70.309303,104
2019,7,KSFB,28.777599,-81.237503,103
2021,1,KPWM,43.646198,-70.309303,103
2020,3,KMBS,43.532902,-84.079597,103
2020,10,KGEG,47.619900,-117.533997,102
2020,11,KPWM,43.646198,-70.309303,101
2020,3,KONT,34.056000,-117.600998,101
2019,11,KGRB,44.485100,-88.129601,100
2019,8,KOMA,41.303200,-95.894096,100
2020,4,KGRB,44.485100,-88.129601,99
2020,11,KSYR,43.111198,-76.106300,99
2020,3,KROA,37.325500,-79.975403,99
2019,2,KLBB,33.663601,-101.822998,98
2019,10,KCVG,39.048801,-84.667801,98
2020,11,KCLE,41.411701,-81.849800,98
2019,10,KHSV,34.637199,-86.775101,97
2019,1,KPWM,43.646198,-70.309303,97
2020,4,KVPS,30.483200,-86.525398,97
2019,5,KPVD,41.732601,-71.420403,96
2019,6,KPVD,41.732601,-71.420403,96
2019,8,KSRQ,27.395399,-82.554398,96
2019,10,KJAX,30.494101,-81.687897,96
2020,10,KPWM,43.646198,-70.309303,96
2019,9,KSFB,28.777599,-81.237503,96
2019,1,KATL,33.636700,-84.428101,95
2020,2,KMBS,43.532902,-84.079597,95
2019,9,KBFI,47.529999,-122.302002,93
2019,5,KMGM,32.300598,-86.393997,93
2021,2,KTPA,27.975500,-82.533203,93
2019,7,KGRB,44.485100,-88.129601,92
2019,6,KGRB,44.485100,-88.129601,92
2020,12,KSYR,43.111198,-76.106300,92
2021,1,KPVD,41.732601,-71.420403,91
2019,10,KSPI,39.844101,-89.677902,91
2019,12,KHSV,34.637199,-86.775101,91
2019,2,KSFB,28.777599,-81.237503,90
2019,2,KPWM,43.646198,-70.309303,90
2020,10,KMSN,43.139900,-89.337502,89
2021,2,KPBI,26.683201,-80.095596,89
2020,2,KSPI,39.844101,-89.677902,89
2019,9,KJAX,30.494101,-81.687897,86
2020,3,KSFB,28.777599,-81.237503,84
2019,9,KSAV,32.127602,-81.202103,84
2019,11,KJAX,30.494101,-81.687897,84
2020,4,KSYR,43.111198,-76.106300,84
2019,2,KAMA,35.219398,-101.706001,83
2020,3,KHSV,34.637199,-86.775101,83
2020,7,KDAB,29.179899,-81.058098,83
2019,7,KVPS,30.483200,-86.525398,83
2019,11,KSPI,39.844101,-89.677902,81
2020,4,KSPI,39.844101,-89.677902,81
2021,3,KAVL,35.436199,-82.541801,81
2019,10,KSGF,37.245701,-93.388603,80
2020,5,KPIT,40.491501,-80.232903,80
2019,7,KJAX,30.494101,-81.687897,79
2019,5,KFWA,40.978500,-85.195099,79
2019,8,KROA,37.325500,-79.975403,79
2019,12,KSPI,39.844101,-89.677902,79
2019,12,KORF,36.894600,-76.201202,78
2019,7,KONT,34.056000,-117.600998,77
2021,3,KCLE,41.411701,-81.849800,77
2019,10,KFWA,40.978500,-85.195099,77
2020,1,KCRP,27.770399,-97.501198,77
2019,3,KONT,34.056000,-117.600998,76
2019,9,KSPI,39.844101,-89.677902,76
2020,9,KSBN,41.708698,-86.317299,76
2019,2,KATL,33.636700,-84.428101,75
2019,8,KJAX,30.494101,-81.687897,74
2019,11,KSYR,43.111198,-76.106300,74
2019,9,KCVG,39.048801,-84.667801,73
2021,2,KPIT,40.491501,-80.232903,72
2021,2,KPWM,43.646198,-70.309303,72
2019,5,KROA,37.325500,-79.975403,71
2019,6,KHSV,34.637199,-86.775101,70
2020,8,KGRB,44.485100,-88.129601,70
2019,4,KLCK,39.813801,-82.927803,70
2020,2,KGEG,47.619900,-117.533997,70
2020,6,KTYS,35.811001,-83.994003,70
2020,11,KSBN,41.708698,-86.317299,70
2020,3,KSPI,39.844101,-89.677902,68
2020,2,KCRP,27.770399,-97.501198,67
2020,2,KERI,42.083127,-80.173867,67
2020,7,KMHT,42.932598,-71.435699,67
2019,1,KAMA,35.219398,-101.706001,65
2020,10,KPIT,40.491501,-80.232903,65
2019,4,KGSP,34.895699,-82.218903,64
2019,9,KDAB,29.179899,-81.058098,64
2019,5,KROC,43.118900,-77.672401,64
2019,3,KMEM,35.042400,-89.976700,63
2021,2,KDSM,41.534000,-93.663101,63
2019,7,KCID,41.884701,-91.710800,62
2019,9,KFWA,40.978500,-85.195099,62
2021,3,KHSV,34.637199,-86.775101,62
2019,8,KSGF,37.245701,-93.388603,61
2020,3,KCRP,27.770399,-97.501198,61
2019,7,KROA,37.325500,-79.975403,61
2019,11,KFWA,40.978500,-85.195099,61
2019,8,KFWA,40.978500,-85.195099,60
2019,8,KHSV,34.637199,-86.775101,60
2020,1,KHSV,34.637199,-86.775101,60
2020,1,KSPI,39.844101,-89.677902,60
2020,8,KSPI,39.844101,-89.677902,60
2019,9,KSYR,43.111198,-76.106300,60
2019,11,KROA,37.325500,-79.975403,60
2020,4,KMCO,28.429399,-81.308998,60
2020,9,KPWM,43.646198,-70.309303,60
2021,1,KDSM,41.534000,-93.663101,60
2019,4,KFWA,40.978500,-85.195099,59
2019,7,KHSV,34.637199,-86.775101,59
2019,9,KSGF,37.245701,-93.388603,59
2020,4,PANC,61.174400,-149.996002,59
2020,1,KSFB,28.777599,-81.237503,59
2020,1,KIND,39.717300,-86.294403,59
2020,5,KSYR,43.111198,-76.106300,59
2020,10,KSGF,37.245701,-93.388603,59
2019,8,KCVG,39.048801,-84.667801,58
2019,8,KSYR,43.111198,-76.106300,58
2020,5,KMCO,28.429399,-81.308998,58
2019,9,KHSV,34.637199,-86.775101,58
2019,11,KSAV,32.127602,-81.202103,58
2019,8,KPIT,40.491501,-80.232903,57
2020,1,KGEG,47.619900,-117.533997,57
2020,5,KTYS,35.811001,-83.994003,57
2019,6,KROA,37.325500,-79.975403,56
2019,10,KCRP,27.770399,-97.501198,56
2020,5,PANC,61.174400,-149.996002,56
2020,8,KSGF,37.245701,-93.388603,55
2019,4,KCAE,33.938801,-81.119499,55
2021,3,KMLI,41.448502,-90.507500,55
2020,9,KDAY,39.902401,-84.219398,54
2019,5,KMIA,25.793200,-80.290604,54
2020,1,KSGF,37.245701,-93.388603,54
2020,7,KAFW,32.987598,-97.318802,54
2019,5,KCVG,39.048801,-84.667801,53
2019,12,KONT,34.056000,-117.600998,53
2019,1,KFWA,40.978500,-85.195099,52
2019,4,KMGM,32.300598,-86.393997,52
2020,4,KDAB,29.179899,-81.058098,52
2019,7,KDAB,29.179899,-81.058098,51
2020,4,KFWA,40.978500,-85.195099,51
2019,3,KCAE,33.938801,-81.119499,51
2020,3,KMHT,42.932598,-71.435699,51
2020,10,KSBN,41.708698,-86.317299,51
2019,5,KBFI,47.529999,-122.302002,50
2020,10,KAFW,32.987598,-97.318802,50
2020,9,KGRB,44.485100,-88.129601,50
2021,1,PANC,61.174400,-149.996002,50
2019,5,KHSV,34.637199,-86.775101,49
2021,1,KSGF,37.245701,-93.388603,49
2021,3,KBMI,40.477100,-88.915901,49
2020,12,KBMI,40.477100,-88.915901,48
2020,12,KDSM,41.534000,-93.663101,48
2019,1,KSBN,41.708698,-86.317299,48
2019,4,KSRQ,27.395399,-82.554398,48
2019,4,KOKC,35.393101,-97.600700,48
2021,3,PANC,61.174400,-149.996002,48
2019,7,KCVG,39.048801,-84.667801,47
2019,7,KMIA,25.793200,-80.290604,47
2020,9,KAFW,32.987598,-97.318802,47
2019,3,KLBB,33.663601,-101.822998,47
2020,8,KAFW,32.987598,-97.318802,47
2020,2,KSFB,28.777599,-81.237503,46
2019,2,KFWA,40.978500,-85.195099,46
2019,10,KOKC,35.393101,-97.600700,45
2019,10,KSYR,43.111198,-76.106300,45
2021,2,KVPS,30.483200,-86.525398,45
2019,7,KSGF,37.245701,-93.388603,44
2020,11,KLEX,38.036499,-84.605904,44
2021,1,KVPS,30.483200,-86.525398,44
2021,1,KCLE,41.411701,-81.849800,44
2019,2,KCAE,33.938801,-81.119499,44
2019,6,KCVG,39.048801,-84.667801,44
2019,12,KSGF,37.245701,-93.388603,44
2019,5,KPIT,40.491501,-80.232903,43
2019,6,KMGM,32.300598,-86.393997,43
2020,1,KCAE,33.938801,-81.119499,43
2020,10,KHSV,34.637199,-86.775101,43
2019,1,KSRQ,27.395399,-82.554398,43
2019,1,KMBS,43.532902,-84.079597,42
2020,4,KRNO,39.499100,-119.767998,42
2020,4,KHSV,34.637199,-86.775101,42
2021,3,KLCK,39.813801,-82.927803,42
2019,7,KOKC,35.393101,-97.600700,41
2021,3,KAFW,32.987598,-97.318802,41
2019,3,KFWA,40.978500,-85.195099,41
2019,8,KMIA,25.793200,-80.290604,41
2020,1,KERI,42.083127,-80.173867,41
2019,11,KDTW,42.212399,-83.353401,40
2020,2,KMLI,41.448502,-90.507500,40
2020,9,KSGF,37.245701,-93.388603,40
2019,8,KGEG,47.619900,-117.533997,40
2021,2,KSGF,37.245701,-93.388603,40
2019,1,KCAE,33.938801,-81.119499,39
2019,5,KDAB,29.179899,-81.058098,38
2019,8,KOKC,35.393101,-97.600700,38
2020,7,KDAY,39.902401,-84.219398,38
2020,12,KSGF,37.245701,-93.388603,38
2020,4,KGSP,34.895699,-82.218903,38
2020,4,KDAY,39.902401,-84.219398,38
2021,1,KBMI,40.477100,-88.915901,38
2020,7,KBLV,38.545200,-89.835197,37
2021,2,PANC,61.174400,-149.996002,37
2019,4,KMIA,25.793200,-80.290604,37
2019,7,KSYR,43.111198,-76.106300,37
2020,2,KSGF,37.245701,-93.388603,37
2020,6,KBLV,38.545200,-89.835197,37
2020,9,KLEX,38.036499,-84.605904,37
2019,7,KPIT,40.491501,-80.232903,36
2021,3,KDSM,41.534000,-93.663101,36
2021,3,KNYL,32.656601,-114.606003,36
2019,3,KAMA,35.219398,-101.706001,36
2021,2,KHSV,34.637199,-86.775101,36
2019,4,KROA,37.325500,-79.975403,35
2019,6,KSUS,38.662102,-90.652000,35
2019,12,KGSP,34.895699,-82.218903,35
2019,12,KGEG,47.619900,-117.533997,35
2020,12,KLCK,39.813801,-82.927803,35
2021,1,KHSV,34.637199,-86.775101,34
2020,8,KBLV,38.545200,-89.835197,34
2020,10,KLCK,39.813801,-82.927803,34
2020,12,KLEX,38.036499,-84.605904,34
2020,12,KSBN,41.708698,-86.317299,34
2019,2,KSRQ,27.395399,-82.554398,33
2019,2,KMBS,43.532902,-84.079597,33
2019,8,KTYS,35.811001,-83.994003,33
2020,5,KDAB,29.179899,-81.058098,33
2020,7,KLCK,39.813801,-82.927803,33
2020,8,KDAB,29.179899,-81.058098,33
2020,4,KONT,34.056000,-117.600998,33
2020,6,KGSP,34.895699,-82.218903,33
2020,11,KONT,34.056000,-117.600998,33
2020,11,KSGF,37.245701,-93.388603,33
2019,4,KBFI,47.529999,-122.302002,32
2019,7,KFWA,40.978500,-85.195099,32
2019,11,KOKC,35.393101,-97.600700,32
2020,9,KSPI,39.844101,-89.677902,32
2020,11,KRFD,42.195400,-89.097198,32
2021,3,KSGF,37.245701,-93.388603,32
2019,3,KSAV,32.127602,-81.202103,32
2019,3,KMGM,32.300598,-86.393997,32
2019,11,KGEG,47.619900,-117.533997,31
2020,2,KBFI,47.529999,-122.302002,31
2020,4,KSFB,28.777599,-81.237503,31
2019,5,KOKC,35.393101,-97.600700,31
2020,1,KMLI,41.448502,-90.507500,31
2020,3,KMLI,41.448502,-90.507500,31
2020,10,KDSM,41.534000,-93.663101,31
2020,12,KHSV,34.637199,-86.775101,31
2019,8,KCID,41.884701,-91.710800,30
2020,7,KSGF,37.245701,-93.388603,30
2020,8,KLCK,39.813801,-82.927803,30
2020,10,KGRB,44.485100,-88.129601,30
2020,4,KMHT,42.932598,-71.435699,30
2020,6,KAFW,32.987598,-97.318802,30
2020,11,KLCK,39.813801,-82.927803,30
2020,11,KHSV,34.637199,-86.775101,30
2020,11,KBMI,40.477100,-88.915901,30
2021,3,KSBN,41.708698,-86.317299,30
2019,4,KCVG,39.048801,-84.667801,29
2020,11,KAFW,32.987598,-97.318802,29
2019,6,KOKC,35.393101,-97.600700,29
2019,10,KPIT,40.491501,-80.232903,29
2020,10,KBMI,40.477100,-88.915901,29
2021,3,KBLV,38.545200,-89.835197,28
2019,3,KGSP,34.895699,-82.218903,28
2019,8,KERI,42.083127,-80.173867,28
2019,12,KOKC,35.393101,-97.600700,28
2020,5,KSGF,37.245701,-93.388603,28
2019,4,KPIT,40.491501,-80.232903,27
2019,11,KSGF,37.245701,-93.388603,27
2020,6,KGEG,47.619900,-117.533997,27
2020,9,KHSV,34.637199,-86.775101,27
2021,1,KLCK,39.813801,-82.927803,27
2019,3,KPWM,43.646198,-70.309303,27
2020,3,KGEG,47.619900,-117.533997,27
2020,7,KGRB,44.485100,-88.129601,27
2019,3,KHSV,34.637199,-86.775101,26
2019,6,KGEG,47.619900,-117.533997,26
2019,10,KGEG,47.619900,-117.533997,26
2021,3,KIAH,29.984400,-95.341400,26
2020,7,KSPI,39.844101,-89.677902,25
2019,9,KERI,42.083127,-80.173867,25
2020,4,KTYS,35.811001,-83.994003,25
2020,9,KBLV,38.545200,-89.835197,25
2021,1,KAFW,32.987598,-97.318802,25
2020,6,KLCK,39.813801,-82.927803,24
2019,12,KLCK,39.813801,-82.927803,24
2020,1,KOKC,35.393101,-97.600700,24
2020,5,KMHT,42.932598,-71.435699,24
2020,10,KSLC,40.785749,-111.979746,24
2020,10,KDAB,29.179899,-81.058098,24
2020,12,KAFW,32.987598,-97.318802,24
2020,12,KRFD,42.195400,-89.097198,24
2019,1,KCLE,41.411701,-81.849800,23
2020,9,KLCK,39.813801,-82.927803,23
2019,3,PHNL,21.320620,-157.924228,23
2019,6,KDAB,29.179899,-81.058098,23
2020,10,KBLV,38.545200,-89.835197,23
2021,2,KGRB,44.485100,-88.129601,23
2019,3,KCVG,39.048801,-84.667801,22
2020,3,KIND,39.717300,-86.294403,22
2020,3,KERI,42.083127,-80.173867,22
2021,2,KCLE,41.411701,-81.849800,22
2019,7,KGEG,47.619900,-117.533997,22
2020,6,KMLI,41.448502,-90.507500,22
2021,1,KLEX,38.036499,-84.605904,22
2021,1,KPBI,26.683201,-80.095596,22
2021,3,KPHF,37.131901,-76.492996,22
2019,6,KPIT,40.491501,-80.232903,21
2019,10,KLCK,39.813801,-82.927803,21
2020,7,KBDL,41.938900,-72.683197,21
2020,10,KLEX,38.036499,-84.605904,21
2021,2,KLCK,39.813801,-82.927803,21
2021,2,KMLI,41.448502,-90.507500,21
2019,1,KPIA,40.664200,-89.693298,21
2019,9,KPIA,40.664200,-89.693298,21
2020,6,KDAB,29.179899,-81.058098,21
2020,9,KDAB,29.179899,-81.058098,21
2021,3,KRFD,42.195400,-89.097198,21
2019,4,KROC,43.118900,-77.672401,20
2019,9,KGEG,47.619900,-117.533997,20
2020,2,KNYL,32.656601,-114.606003,20
2020,9,KFWA,40.978500,-85.195099,20
2019,2,KCVG,39.048801,-84.667801,20
2019,6,KJAX,30.494101,-81.687897,20
2020,12,KGRB,44.485100,-88.129601,20
2019,2,KPIA,40.664200,-89.693298,19
2019,11,KDAY,39.902401,-84.219398,19
2020,9,KIAH,29.984400,-95.341400,19
2020,11,KGRB,44.485100,-88.129601,19
2019,2,KERI,42.083127,-80.173867,18
2019,6,KCID,41.884701,-91.710800,18
2020,1,KLCK,39.813801,-82.927803,18
2020,3,KBLV,38.545200,-89.835197,18
2020,7,KBMI,40.477100,-88.915901,18
2021,2,KIAH,29.984400,-95.341400,18
2020,6,KHSV,34.637199,-86.775101,18
2020,11,KDSM,41.534000,-93.663101,18
2020,11,KBLV,38.545200,-89.835197,18
2021,1,KRFD,42.195400,-89.097198,18
2019,5,KMBS,43.532902,-84.079597,17
2019,8,KGSP,34.895699,-82.218903,17
2019,12,KERI,42.083127,-80.173867,17
2020,1,KNYL,32.656601,-114.606003,17
2020,3,KGSO,36.097801,-79.937302,17
2020,3,KSGF,37.245701,-93.388603,17
2020,5,KGRB,44.485100,-88.129601,17
2020,7,KHSV,34.637199,-86.775101,17
2020,7,KFWA,40.978500,-85.195099,17
2021,2,KPHF,37.131901,-76.492996,17
2021,2,KBMI,40.477100,-88.915901,17
2019,9,KGSP,34.895699,-82.218903,17
2020,2,KLCK,39.813801,-82.927803,17
2020,4,KAFW,32.987598,-97.318802,16
2019,3,KSRQ,27.395399,-82.554398,16
2019,8,KSPI,39.844101,-89.677902,16
2020,5,KBDL,41.938900,-72.683197,16
2020,7,KDSM,41.534000,-93.663101,16
2020,10,KIAH,29.984400,-95.341400,16
2020,10,KGSO,36.097801,-79.937302,16
2021,2,KRFD,42.195400,-89.097198,16
2019,7,KNYL,32.656601,-114.606003,15
2019,11,KRSW,26.536200,-81.755203,15
2019,11,KLCK,39.813801,-82.927803,15
2020,2,KGSO,36.097801,-79.937302,15
2020,6,KBDL,41.938900,-72.683197,15
2021,1,KGRB,44.485100,-88.129601,15
2019,6,KFWA,40.978500,-85.195099,15
2019,6,KBMI,40.477100,-88.915901,15
2019,10,KDTW,42.212399,-83.353401,15
2020,7,KMLI,41.448502,-90.507500,15
2020,10,KPIA,40.664200,-89.693298,15
2020,12,KBLV,38.545200,-89.835197,15
2020,12,KDAB,29.179899,-81.058098,15
2021,2,KAFW,32.987598,-97.318802,15
2019,1,KHSV,34.637199,-86.775101,14
2019,4,KBMI,40.477100,-88.915901,14
2019,4,KDAB,29.179899,-81.058098,14
2020,4,KSGF,37.245701,-93.388603,14
2020,6,KMHT,42.932598,-71.435699,14
2019,3,KMBS,43.532902,-84.079597,14
2019,8,KGSO,36.097801,-79.937302,14
2019,12,KPIT,40.491501,-80.232903,14
2019,12,KBLV,38.545200,-89.835197,14
2020,1,KPIT,40.491501,-80.232903,14
2020,3,KLCK,39.813801,-82.927803,14
2020,5,KGSP,34.895699,-82.218903,14
2019,2,KMGE,33.915401,-84.516296,13
2019,2,KBFI,47.529999,-122.302002,13
2019,5,KLCK,39.813801,-82.927803,13
2019,6,KPHF,37.131901,-76.492996,13
2020,3,KNYL,32.656601,-114.606003,13
2020,12,KIAH,29.984400,-95.341400,13
2019,7,KPHF,37.131901,-76.492996,13
2020,4,KROA,37.325500,-79.975403,13
2020,6,KRFD,42.195400,-89.097198,13
2020,6,KSGF,37.245701,-93.388603,13
2020,6,KDSM,41.534000,-93.663101,13
2020,9,KBFI,47.529999,-122.302002,13
2020,9,KGSO,36.097801,-79.937302,13
2020,11,KMLI,41.448502,-90.507500,13
2020,11,KIAH,29.984400,-95.341400,13
2019,2,KHSV,34.637199,-86.775101,12
2019,2,KBMI,40.477100,-88.915901,12
2019,3,KERI,42.083127,-80.173867,12
2019,3,KPIA,40.664200,-89.693298,12
2019,3,KBFI,47.529999,-122.302002,12
2019,6,KSYR,43.111198,-76.106300,12
2019,6,KNYL,32.656601,-114.606003,12
2019,8,KBLV,38.545200,-89.835197,12
2020,5,KPBI,26.683201,-80.095596,12
2020,5,KSPI,39.844101,-89.677902,12
2020,7,KRFD,42.195400,-89.097198,12
2020,12,KPIA,40.664200,-89.693298,12
2021,2,KBLV,38.545200,-89.835197,12
2019,1,KCVG,39.048801,-84.667801,12
2019,7,KGSO,36.097801,-79.937302,12
2019,11,KGSP,34.895699,-82.218903,12
2019,11,KPIT,40.491501,-80.232903,12
2019,11,KBLV,38.545200,-89.835197,12
2020,2,KBLV,38.545200,-89.835197,12
2020,6,KIAH,29.984400,-95.341400,12
2020,6,KDAY,39.902401,-84.219398,12
2020,11,KPIA,40.664200,-89.693298,12
2020,11,KGSO,36.097801,-79.937302,12
2019,4,KRSW,26.536200,-81.755203,11
2019,7,KBLV,38.545200,-89.835197,11
2019,9,KLCK,39.813801,-82.927803,11
2019,9,KBLV,38.545200,-89.835197,11
2019,9,KNYL,32.656601,-114.606003,11
2020,2,KIND,39.717300,-86.294403,11
2020,4,KGEG,47.619900,-117.533997,11
2020,4,KBDL,41.938900,-72.683197,11
2020,9,KBMI,40.477100,-88.915901,11
2020,11,KBFI,47.529999,-122.302002,11
2019,5,KCID,41.884701,-91.710800,11
2019,5,KPIA,40.664200,-89.693298,11
2019,6,KRSW,26.536200,-81.755203,11
2019,12,KPIA,40.664200,-89.693298,11
2020,1,KRST,43.908298,-92.500000,11
2020,5,KSFB,28.777599,-81.237503,11
2020,5,KFWA,40.978500,-85.195099,11
2020,5,KLCK,39.813801,-82.927803,11
2020,5,KBLV,38.545200,-89.835197,11
2020,8,KDSM,41.534000,-93.663101,11
2020,8,KGSO,36.097801,-79.937302,11
2020,12,KMLI,41.448502,-90.507500,11
2021,2,KBFI,47.529999,-122.302002,11
2019,2,KPIT,40.491501,-80.232903,10
2019,5,KGEG,47.619900,-117.533997,10
2019,5,KPHF,37.131901,-76.492996,10
2019,12,KRST,43.908298,-92.500000,10
2020,8,KMLI,41.448502,-90.507500,10
2020,12,KDAY,39.902401,-84.219398,10
2019,1,KBFI,47.529999,-122.302002,10
2019,1,KBMI,40.477100,-88.915901,10
2019,4,KMGE,33.915401,-84.516296,10
2019,4,KPIA,40.664200,-89.693298,10
2019,11,KPIA,40.664200,-89.693298,10
2020,6,KFWA,40.978500,-85.195099,10
2021,1,KGSO,36.097801,-79.937302,10
2021,3,KDAB,29.179899,-81.058098,10
2019,1,KMGE,33.915401,-84.516296,9
2019,4,KLBB,33.663601,-101.822998,9
2019,7,KFLL,26.072599,-80.152702,9
2019,9,KPIT,40.491501,-80.232903,9
2019,9,KRST,43.908298,-92.500000,9
2020,2,KPIA,40.664200,-89.693298,9
2020,4,KGSO,36.097801,-79.937302,9
2020,9,KDSM,41.534000,-93.663101,9
2020,9,KRFD,42.195400,-89.097198,9
2021,1,KBFI,47.529999,-122.302002,9
2021,1,KONT,34.056000,-117.600998,9
2019,3,KSYR,43.111198,-76.106300,9
2019,3,KMGE,33.915401,-84.516296,9
2019,5,KRSW,26.536200,-81.755203,9
2019,6,KPIA,40.664200,-89.693298,9
2019,10,KBLV,38.545200,-89.835197,9
2019,12,KRFD,42.195400,-89.097198,9
2020,1,KPIA,40.664200,-89.693298,9
2020,1,KBLV,38.545200,-89.835197,9
2020,1,KRFD,42.195400,-89.097198,9
2020,3,KPIT,40.491501,-80.232903,9
2020,8,KRFD,42.195400,-89.097198,9
2020,10,KBFI,47.529999,-122.302002,9
2020,10,KMLI,41.448502,-90.507500,9
2019,2,KBDL,41.938900,-72.683197,8
2019,2,KPHF,37.131901,-76.492996,8
2019,2,KDAB,29.179899,-81.058098,8
2019,5,KGSO,36.097801,-79.937302,8
2019,5,KBMI,40.477100,-88.915901,8
2019,6,KGSO,36.097801,-79.937302,8
2019,6,KRFD,42.195400,-89.097198,8
2019,6,KFAT,36.776199,-119.718002,8
2019,6,KLCK,39.813801,-82.927803,8
2019,8,KBFI,47.529999,-122.302002,8
2019,10,KRFD,42.195400,-89.097198,8
2019,12,KJAX,30.494101,-81.687897,8
2020,3,KBFI,47.529999,-122.302002,8
2020,5,KHSV,34.637199,-86.775101,8
2020,8,KBFI,47.529999,-122.302002,8
2020,8,KPWM,43.646198,-70.309303,8
2020,10,KAVL,35.436199,-82.541801,8
2020,10,KRFD,42.195400,-89.097198,8
2020,12,KONT,34.056000,-117.600998,8
2019,1,KNYL,32.656601,-114.606003,8
2019,4,KSYR,43.111198,-76.106300,8
2019,4,KHSV,34.637199,-86.775101,8
2019,7,KRFD,42.195400,-89.097198,8
2020,4,KMLI,41.448502,-90.507500,8
2020,9,KMLI,41.448502,-90.507500,8
2021,1,KIAH,29.984400,-95.341400,8
2021,1,KDAB,29.179899,-81.058098,8
2021,1,KMLI,41.448502,-90.507500,8
2021,3,KDAY,39.902401,-84.219398,8
2019,1,KBDL,41.938900,-72.683197,7
2019,7,KLCK,39.813801,-82.927803,7
2020,2,KRFD,42.195400,-89.097198,7
2020,4,KRFD,42.195400,-89.097198,7
2020,6,KBMI,40.477100,-88.915901,7
2020,6,KGRB,44.485100,-88.129601,7
2021,3,KBFI,47.529999,-122.302002,7
2019,2,KGSP,34.895699,-82.218903,7
2019,5,KRFD,42.195400,-89.097198,7
2019,8,KLCK,39.813801,-82.927803,7
2020,3,KPHF,37.131901,-76.492996,7
2020,3,KPIA,40.664200,-89.693298,7
2020,5,KRFD,42.195400,-89.097198,7
2020,5,KGSO,36.097801,-79.937302,7
2020,5,KAFW,32.987598,-97.318802,7
2020,8,KHSV,34.637199,-86.775101,7
2020,8,KBMI,40.477100,-88.915901,7
2020,8,KCID,41.884701,-91.710800,7
2020,12,KPBI,26.683201,-80.095596,7
2019,3,KCMH,39.998001,-82.891899,6
2019,3,KROC,43.118900,-77.672401,6
2019,3,KBDL,41.938900,-72.683197,6
2019,3,KBMI,40.477100,-88.915901,6
2019,3,KRSW,26.536200,-81.755203,6
2019,8,KMHT,42.932598,-71.435699,6
2019,8,KPHF,37.131901,-76.492996,6
2019,10,KTUS,32.115004,-110.938053,6
2019,12,KMHT,42.932598,-71.435699,6
2020,1,KBHM,33.562901,-86.753502,6
2020,3,KRST,43.908298,-92.500000,6
2020,5,KBMI,40.477100,-88.915901,6
2020,7,KPWM,43.646198,-70.309303,6
2020,7,KGSP,34.895699,-82.218903,6
2020,10,KCHA,35.035301,-85.203796,6
2020,10,KCID,41.884701,-91.710800,6
2020,12,KBFI,47.529999,-122.302002,6
2019,1,KGSO,36.097801,-79.937302,6
2019,1,KRSW,26.536200,-81.755203,6
2019,4,KBDL,41.938900,-72.683197,6
2019,4,KGSO,36.097801,-79.937302,6
2019,7,KRSW,26.536200,-81.755203,6
2019,7,KMHT,42.932598,-71.435699,6
2019,7,KMBS,43.532902,-84.079597,6
2019,11,KRFD,42.195400,-89.097198,6
2020,4,KPIT,40.491501,-80.232903,6
2021,1,KSBN,41.708698,-86.317299,6
2021,1,KFSM,35.336601,-94.367401,6
2021,1,KCRP,27.770399,-97.501198,6
2021,1,KTOL,41.586800,-83.807800,6
2019,1,KPIT,40.491501,-80.232903,5
2019,1,KERI,42.083127,-80.173867,5
2019,1,KTUL,36.198399,-95.888100,5
2019,1,KDAB,29.179899,-81.058098,5
2019,4,KRFD,42.195400,-89.097198,5
2019,4,KBLV,38.545200,-89.835197,5
2019,9,KRFD,42.195400,-89.097198,5
2020,4,KERI,42.083127,-80.173867,5
2020,6,KGSO,36.097801,-79.937302,5
2020,9,KTUS,32.115004,-110.938053,5
2020,11,KDAY,39.902401,-84.219398,5
2021,1,KSUX,42.397605,-96.382237,5
2021,1,KDAY,39.902401,-84.219398,5
2021,1,KBLV,38.545200,-89.835197,5
2021,3,KGSO,36.097801,-79.937302,5
2019,2,KSYR,43.111198,-76.106300,5
2019,3,KPIT,40.491501,-80.232903,5
2019,5,KSUS,38.662102,-90.652000,5
2019,6,KMIA,25.793200,-80.290604,5
2019,8,KRSW,26.536200,-81.755203,5
2019,8,KNYL,32.656601,-114.606003,5
2019,10,KPIA,40.664200,-89.693298,5
2019,10,KGSP,34.895699,-82.218903,5
2020,5,KERI,42.083127,-80.173867,5
2020,7,KGSO,36.097801,-79.937302,5
2021,2,KDAB,29.179899,-81.058098,5
2019,2,KBLV,38.545200,-89.835197,4
2019,2,KRFD,42.195400,-89.097198,4
2019,3,KLCK,39.813801,-82.927803,4
2019,3,KRFD,42.195400,-89.097198,4
2019,3,KSPI,39.844101,-89.677902,4
2019,5,KSYR,43.111198,-76.106300,4
2019,8,KRFD,42.195400,-89.097198,4
2019,10,KMGM,32.300598,-86.393997,4
2019,10,KRST,43.908298,-92.500000,4
2020,1,KGSO,36.097801,-79.937302,4
2020,5,KDAY,39.902401,-84.219398,4
2020,5,KMLI,41.448502,-90.507500,4
2020,7,KAVL,35.436199,-82.541801,4
2020,8,KLEX,38.036499,-84.605904,4
2021,2,KCRP,27.770399,-97.501198,4
2021,2,KDAY,39.902401,-84.219398,4
2021,2,KGSO,36.097801,-79.937302,4
2019,1,KSYR,43.111198,-76.106300,4
2019,1,KMHT,42.932598,-71.435699,4
2019,1,KRFD,42.195400,-89.097198,4
2019,4,KAMA,35.219398,-101.706001,4
2019,4,KNYL,32.656601,-114.606003,4
2019,9,KGSO,36.097801,-79.937302,4
2019,9,KCID,41.884701,-91.710800,4
2019,11,KRST,43.908298,-92.500000,4
2019,11,KFAT,36.776199,-119.718002,4
2019,11,KCRP,27.770399,-97.501198,4
2020,2,KPIT,40.491501,-80.232903,4
2020,2,KRST,43.908298,-92.500000,4
2020,9,KCID,41.884701,-91.710800,4
2020,9,KAVL,35.436199,-82.541801,4
2020,11,KCID,41.884701,-91.710800,4
2020,11,KBHM,33.562901,-86.753502,4
2020,11,KSUX,42.397605,-96.382237,4
2019,2,KMSY,29.993401,-90.258003,3
2019,2,KNYL,32.656601,-114.606003,3
2019,2,KTUL,36.198399,-95.888100,3
2019,2,KGSO,36.097801,-79.937302,3
2019,3,KTUL,36.198399,-95.888100,3
2019,3,KROA,37.325500,-79.975403,3
2019,3,KRIC,37.505199,-77.319702,3
2019,3,KBLV,38.545200,-89.835197,3
2019,3,KGSO,36.097801,-79.937302,3
2019,5,KFAT,36.776199,-119.718002,3
2019,5,KNYL,32.656601,-114.606003,3
2019,6,KAFW,32.987598,-97.318802,3
2019,6,KBHM,33.562901,-86.753502,3
2019,8,KBMI,40.477100,-88.915901,3
2019,10,KGSO,36.097801,-79.937302,3
2019,10,KBMI,40.477100,-88.915901,3
2019,10,KFAT,36.776199,-119.718002,3
2019,12,KGSO,36.097801,-79.937302,3
2020,3,KRFD,42.195400,-89.097198,3
2020,3,KBHM,33.562901,-86.753502,3
2020,5,KBFI,47.529999,-122.302002,3
2020,5,KAVL,35.436199,-82.541801,3
2020,5,KPHF,37.131901,-76.492996,3
2020,10,KBHM,33.562901,-86.753502,3
2020,12,KAVL,35.436199,-82.541801,3
2020,12,KFSM,35.336601,-94.367401,3
2020,12,KSUX,42.397605,-96.382237,3
2021,2,KAVL,35.436199,-82.541801,3
2019,1,KMSY,29.993401,-90.258003,3
2019,1,KPHF,37.131901,-76.492996,3
2019,1,KBLV,38.545200,-89.835197,3
2019,1,KROA,37.325500,-79.975403,3
2019,4,KMBS,43.532902,-84.079597,3
2019,7,KBMI,40.477100,-88.915901,3
2019,9,KMGE,33.915401,-84.516296,3
2019,9,KAFW,32.987598,-97.318802,3
2019,9,KMLI,41.448502,-90.507500,3
2019,9,KRSW,26.536200,-81.755203,3
2019,11,KBHM,33.562901,-86.753502,3
2020,2,KBHM,33.562901,-86.753502,3
2020,4,KNYL,32.656601,-114.606003,3
2020,4,KBFI,47.529999,-122.302002,3
2020,6,KERI,42.083127,-80.173867,3
2020,9,KPIA,40.664200,-89.693298,3
2020,11,KADW,38.810799,-76.866997,3
2020,11,KFTW,32.819801,-97.362396,3
2020,11,KCRP,27.770399,-97.501198,3
2021,1,KFTW,32.819801,-97.362396,3
2021,1,KADW,38.810799,-76.866997,3
2019,2,KMHT,42.932598,-71.435699,2
2019,2,KRSW,26.536200,-81.755203,2
2019,3,KDAB,29.179899,-81.058098,2
2019,3,KNYL,32.656601,-114.606003,2
2019,3,KFAT,36.776199,-119.718002,2
2019,3,KMSY,29.993401,-90.258003,2
2019,5,KAFW,32.987598,-97.318802,2
2019,5,KADW,38.810799,-76.866997,2
2019,5,KMGE,33.915401,-84.516296,2
2019,6,KSPI,39.844101,-89.677902,2
2019,6,KMLI,41.448502,-90.507500,2
2019,8,KBHM,33.562901,-86.753502,2
2019,8,KPIA,40.664200,-89.693298,2
2019,10,KMGE,33.915401,-84.516296,2
2019,12,KSBN,41.708698,-86.317299,2
2019,12,KBDL,41.938900,-72.683197,2
2020,1,KDSM,41.534000,-93.663101,2
2020,3,KAVL,35.436199,-82.541801,2
2020,5,KDSM,41.534000,-93.663101,2
2020,5,KGEG,47.619900,-117.533997,2
2020,7,KPIA,40.664200,-89.693298,2
2020,7,KBFI,47.529999,-122.302002,2
2020,7,KCID,41.884701,-91.710800,2
2020,8,KFWA,40.978500,-85.195099,2
2020,8,KPIA,40.664200,-89.693298,2
2020,8,KAVL,35.436199,-82.541801,2
2020,10,KFWA,40.978500,-85.195099,2
2020,10,KCRP,27.770399,-97.501198,2
2020,10,KFTW,32.819801,-97.362396,2
2020,10,KADW,38.810799,-76.866997,2
2020,12,KCID,41.884701,-91.710800,2
2020,12,KFTW,32.819801,-97.362396,2
2020,12,KCRP,27.770399,-97.501198,2
2020,12,KGSO,36.097801,-79.937302,2
2021,2,KJAX,30.494101,-81.687897,2
2021,2,KSUX,42.397605,-96.382237,2
2021,2,KSBN,41.708698,-86.317299,2
2021,2,KLEX,38.036499,-84.605904,2
2021,2,KTLH,30.396500,-84.350304,2
2019,1,KORF,36.894600,-76.201202,2
2019,4,KFAT,36.776199,-119.718002,2
2019,4,KSPI,39.844101,-89.677902,2
2019,7,KPIA,40.664200,-89.693298,2
2019,9,KBHM,33.562901,-86.753502,2
2019,9,KADW,38.810799,-76.866997,2
2019,9,KTLH,30.396500,-84.350304,2
2019,11,KBDL,41.938900,-72.683197,2
2019,11,KADW,38.810799,-76.866997,2
2019,11,KMGM,32.300598,-86.393997,2
2019,11,KAFW,32.987598,-97.318802,2
2020,4,KLCK,39.813801,-82.927803,2
2020,4,KBHM,33.562901,-86.753502,2
2020,4,KPIA,40.664200,-89.693298,2
2020,6,KPIA,40.664200,-89.693298,2
2020,6,KSBN,41.708698,-86.317299,2
2020,6,KBFI,47.529999,-122.302002,2
2020,6,KADW,38.810799,-76.866997,2
2020,6,KFTW,32.819801,-97.362396,2
2020,9,KADW,38.810799,-76.866997,2
2020,11,KAVL,35.436199,-82.541801,2
2020,11,KJLN,37.151798,-94.498299,2
2021,1,KMOB,30.691200,-88.242798,2
2021,1,KCHA,35.035301,-85.203796,2
2021,1,KJAN,32.311199,-90.075897,2
2021,3,KSUX,42.397605,-96.382237,2
2021,3,KCRP,27.770399,-97.501198,2
2019,1,KROC,43.118900,-77.672401,1
2019,1,KSPI,39.844101,-89.677902,1
2019,1,KGEG,47.619900,-117.533997,1
2019,1,KDBQ,42.402000,-90.709503,1
2019,1,KCMH,39.998001,-82.891899,1
2019,4,KPHF,37.131901,-76.492996,1
2019,4,KAFW,32.987598,-97.318802,1
2019,4,KERI,42.083127,-80.173867,1
2019,7,KADW,38.810799,-76.866997,1
2019,7,KMLI,41.448502,-90.507500,1
2019,7,KMGM,32.300598,-86.393997,1
2019,7,KSUS,38.662102,-90.652000,1
2019,7,KDTW,42.212399,-83.353401,1
2019,7,KBHM,33.562901,-86.753502,1
2019,9,KORF,36.894600,-76.201202,1
2019,9,KMHT,42.932598,-71.435699,1
2019,9,KSBN,41.708698,-86.317299,1
2019,9,KDAY,39.902401,-84.219398,1
2019,9,KDSM,41.534000,-93.663101,1
2019,9,KFAT,36.776199,-119.718002,1
2019,9,KMBS,43.532902,-84.079597,1
2019,11,KAVL,35.436199,-82.541801,1
2019,11,KMLI,41.448502,-90.507500,1
2019,11,KGSO,36.097801,-79.937302,1
2019,11,KFSM,35.336601,-94.367401,1
2019,11,KFTW,32.819801,-97.362396,1
2019,11,KCID,41.884701,-91.710800,1
2019,11,KBMI,40.477100,-88.915901,1
2019,11,KMHT,42.932598,-71.435699,1
2020,2,KBDL,41.938900,-72.683197,1
2020,2,KDSM,41.534000,-93.663101,1
2020,2,KTOL,41.586800,-83.807800,1
2020,2,KADW,38.810799,-76.866997,1
2020,2,KAFW,32.987598,-97.318802,1
2020,4,KBMI,40.477100,-88.915901,1
2020,4,KTOL,41.586800,-83.807800,1
2020,4,KPHF,37.131901,-76.492996,1
2020,4,KJAX,30.494101,-81.687897,1
2020,6,KAVL,35.436199,-82.541801,1
2020,6,KBHM,33.562901,-86.753502,1
2020,9,KLIT,34.729401,-92.224297,1
2020,9,KGPT,30.407301,-89.070099,1
2020,9,KMOB,30.691200,-88.242798,1
2020,9,KCRP,27.770399,-97.501198,1
2020,11,KFWA,40.978500,-85.195099,1
2020,11,KMOB,30.691200,-88.242798,1
2020,11,KTLH,30.396500,-84.350304,1
2020,11,KDAB,29.179899,-81.058098,1
2021,1,KLIT,34.729401,-92.224297,1
2021,1,KJLN,37.151798,-94.498299,1
2021,1,KSPI,39.844101,-89.677902,1
2021,1,KPIA,40.664200,-89.693298,1
2021,3,KORF,36.894600,-76.201202,1
2021,3,KGSP,34.895699,-82.218903,1
2021,3,KMEM,35.042400,-89.976700,1
2021,3,KADW,38.810799,-76.866997,1
2021,3,KJAN,32.311199,-90.075897,1
2019,2,KROC,43.118900,-77.672401,1
2019,2,KADW,38.810799,-76.866997,1
2019,2,KBHM,33.562901,-86.753502,1
2019,2,KRST,43.908298,-92.500000,1
2019,2,KORF,36.894600,-76.201202,1
2019,3,KMHT,42.932598,-71.435699,1
2019,3,KRST,43.908298,-92.500000,1
2019,3,KAVL,35.436199,-82.541801,1
2019,5,KBLV,38.545200,-89.835197,1
2019,5,KDTW,42.212399,-83.353401,1
2019,6,KMHT,42.932598,-71.435699,1
2019,6,KADW,38.810799,-76.866997,1
2019,8,KFAT,36.776199,-119.718002,1
2019,8,KMGM,32.300598,-86.393997,1
2019,8,KADW,38.810799,-76.866997,1
2019,8,KAVL,35.436199,-82.541801,1
2019,8,KSBN,41.708698,-86.317299,1
2019,8,KMLI,41.448502,-90.507500,1
2019,10,KTLH,30.396500,-84.350304,1
2019,10,KBHM,33.562901,-86.753502,1
2019,10,KRSW,26.536200,-81.755203,1
2019,10,KAFW,32.987598,-97.318802,1
2019,10,KADW,38.810799,-76.866997,1
2019,10,KAVL,35.436199,-82.541801,1
2019,10,KNYL,32.656601,-114.606003,1
2019,10,KDAY,39.902401,-84.219398,1
2019,12,KMBS,43.532902,-84.079597,1
2019,12,KBHM,33.562901,-86.753502,1
2019,12,KCID,41.884701,-91.710800,1
2019,12,KMGM,32.300598,-86.393997,1
2019,12,KBMI,40.477100,-88.915901,1
2019,12,KAVL,35.436199,-82.541801,1
2019,12,KDSM,41.534000,-93.663101,1
2020,1,KADW,38.810799,-76.866997,1
2020,1,KAFW,32.987598,-97.318802,1
2020,1,KMSY,29.993401,-90.258003,1
2020,1,KRIC,37.505199,-77.319702,1
2020,1,KLIT,34.729401,-92.224297,1
2020,1,KCID,41.884701,-91.710800,1
2020,3,KSAV,32.127602,-81.202103,1
2020,3,KLIT,34.729401,-92.224297,1
2020,3,KBDL,41.938900,-72.683197,1
2020,7,KMEM,35.042400,-89.976700,1
2020,7,KRIC,37.505199,-77.319702,1
2020,7,KCRP,27.770399,-97.501198,1
2020,7,KMGE,33.915401,-84.516296,1
2020,8,KTLH,30.396500,-84.350304,1
2020,8,KGSP,34.895699,-82.218903,1
2020,8,KTUS,32.115004,-110.938053,1
2020,10,KBGR,44.807400,-68.828102,1
2020,10,KSUX,42.397605,-96.382237,1
2020,10,KTLH,30.396500,-84.350304,1
2020,10,KDBQ,42.402000,-90.709503,1
2020,10,KDAY,39.902401,-84.219398,1
2020,12,KFWA,40.978500,-85.195099,1
2020,12,KSPI,39.844101,-89.677902,1
2020,12,KHTS,38.366699,-82.557999,1
2021,2,KMOB,30.691200,-88.242798,1
2021,2,KTOL,41.586800,-83.807800,1
2021,2,KFTW,32.819801,-97.362396,1
